country,date,yield,yield_status,neer,neer_status,lcu_per_usd,lcu_per_usd_status,us_yield,spread,dy12,ds12,neer12,fx12,dy1,ds1,fx1
Canada,2017-01-01,1.722381,A,101.94,A,1.322054,A,2.43,-0.7076190000000002,NA,NA,NA,NA,NA,NA,NA
Canada,2017-02-01,1.702105,A,102.27,A,1.310042,A,2.42,-0.717895,NA,NA,NA,NA,-0.02027599999999996,-0.01027599999999973,0.9169171675412091
Canada,2017-03-01,1.714348,A,99.81,A,1.338945,A,2.48,-0.765652,NA,NA,NA,NA,0.012243000000000004,-0.04775700000000005,-2.1586398246380645
Canada,2017-04-01,1.523158,A,99.21,A,1.343575,A,2.3,-0.7768419999999998,NA,NA,NA,NA,-0.19118999999999997,-0.011189999999999811,-0.3446030180674575
Canada,2017-05-01,1.513182,A,97.54,A,1.36035,A,2.3,-0.7868179999999998,NA,NA,NA,NA,-0.009975999999999985,-0.009975999999999985,-1.2331385305252351
Canada,2017-06-01,1.502727,A,99.2,A,1.330603,A,2.19,-0.687273,NA,NA,NA,NA,-0.010455000000000103,0.09954499999999977,2.235602955953042
Canada,2017-07-01,1.908,A,103.33,A,1.272122,A,2.32,-0.4119999999999999,NA,NA,NA,NA,0.405273,0.2752730000000001,4.597121974150276
Canada,2017-08-01,1.883636,A,103.62,A,1.261092,A,2.21,-0.3263639999999999,NA,NA,NA,NA,-0.02436399999999983,0.08563600000000005,0.8746388050990594
Canada,2017-09-01,2.0495,A,105.97,A,1.228692,A,2.2,-0.15050000000000008,NA,NA,NA,NA,0.165864,0.1758639999999998,2.6369505132287197
Canada,2017-10-01,2.050952,A,104.13,A,1.259105,A,2.36,-0.30904799999999977,NA,NA,NA,NA,0.0014520000000000088,-0.1585479999999997,-2.4154458921217814
Canada,2017-11-01,1.918571,A,102.78,A,1.276007,A,2.35,-0.43142900000000006,NA,NA,NA,NA,-0.13238100000000008,-0.1223810000000003,-1.324600883850946
Canada,2017-12-01,1.915263,A,102.57,A,1.276501,A,2.4,-0.484737,NA,NA,NA,NA,-0.0033080000000000886,-0.05330799999999991,-0.038699538817454915
Canada,2018-01-01,2.198182,A,104.2,A,1.243291,A,2.58,-0.381818,0.47580100000000014,0.32580100000000023,2.2169903865018714,6.335041434386657,0.28291900000000014,0.10291899999999998,2.6711365239513674
Canada,2018-02-01,2.324211,A,102.51,A,1.25747,A,2.86,-0.5357889999999998,0.622106,0.1821060000000001,0.23467292461132327,4.1807756845093635,0.12602899999999995,-0.15397099999999986,-1.127581572522618
Canada,2018-03-01,2.188571,A,99.75,A,1.292402,A,2.84,-0.6514289999999998,0.47422300000000006,0.11422300000000019,-0.06011421701233033,3.6012788590546796,-0.13563999999999998,-0.11563999999999997,-2.7028741831102043
Canada,2018-04-01,2.249048,A,101.28,A,1.272624,A,2.87,-0.620952,0.7258900000000001,0.15588999999999986,2.0864832174176007,5.575173814103773,0.060477000000000114,0.030476999999999865,1.554111819359072
Canada,2018-05-01,2.375455,A,101.5,A,1.28662,A,2.98,-0.6045449999999999,0.8622730000000001,0.1822729999999999,4.059872872667625,5.730518723477007,0.12640699999999994,0.01640700000000006,-1.0878114750276002
Canada,2018-06-01,2.209048,A,100.15,A,1.312512,A,2.91,-0.700952,0.7063210000000002,-0.013678999999999997,0.9576612903225756,1.378349302711146,-0.16640699999999997,-0.09640700000000013,-1.97270577335672
Canada,2018-07-01,2.187143,A,100.42,A,1.314116,A,2.89,-0.7028570000000003,0.2791429999999999,-0.29085700000000037,-2.8162198780605774,-3.195608302463415,-0.021905000000000285,-0.0019050000000002676,-0.1220592398235909
Canada,2018-08-01,2.295455,A,101.69,A,1.304292,A,2.89,-0.5945450000000001,0.41181899999999994,-0.2681810000000002,-1.862574792511107,-3.3121417596673086,0.10831200000000019,0.10831200000000019,0.7532055705317564
Canada,2018-09-01,2.353684,A,101.72,A,1.3047,A,3,-0.6463160000000001,0.3041839999999998,-0.49581600000000003,-4.010569028970467,-5.825707059094054,0.058228999999999864,-0.05177100000000001,-0.031271556679690615
Canada,2018-10-01,2.488636,A,102.42,A,1.300548,A,3.15,-0.6613639999999998,0.43768399999999996,-0.3523160000000001,-1.6421780466724267,-3.186579810972001,0.13495200000000018,-0.015047999999999728,0.319250039214225
Canada,2018-11-01,2.407619,A,101.32,A,1.319509,A,3.12,-0.7123810000000002,0.4890479999999999,-0.2809520000000001,-1.4205098268145644,-3.2968323823482915,-0.08101700000000012,-0.05101700000000031,-1.4369739046872776
Canada,2018-12-01,2.057895,A,99.33,A,1.341991,A,2.83,-0.7721050000000003,0.14263199999999987,-0.2873680000000003,-3.1588183679438386,-4.8800625339514125,-0.34972400000000015,-0.05972400000000011,-1.6752720398273802
Canada,2019-01-01,1.953636,A,99.54,A,1.331105,A,2.71,-0.756364,-0.24454600000000015,-0.37454600000000005,-4.472168905950092,-6.597075362199078,-0.10425899999999988,0.015741000000000227,0.8178167762873612
Canada,2019-02-01,1.907368,A,100.37,A,1.320999,A,2.68,-0.7726320000000002,-0.4168430000000001,-0.23684300000000036,-2.087601209638079,-4.80916336802677,-0.046267999999999976,-0.01626800000000017,0.7650270742067145
Canada,2019-03-01,1.712381,A,99.26,A,1.336374,A,2.57,-0.8576189999999999,-0.4761900000000001,-0.2061900000000001,-0.49122807017543124,-3.2903962513487928,-0.19498700000000002,-0.0849869999999997,-1.150501281826788
Canada,2019-04-01,1.724286,A,99.24,A,1.337862,A,2.53,-0.8057139999999998,-0.5247620000000002,-0.18476199999999987,-2.0142180094786744,-4.876287688864778,0.011905000000000054,0.05190500000000009,-0.11122223368330575
Canada,2019-05-01,1.664545,A,99.12,A,1.346319,A,2.4,-0.735455,-0.7109100000000002,-0.13091000000000008,-2.344827586206888,-4.43423883938353,-0.059741000000000044,0.07025899999999985,-0.6281572197970875
Canada,2019-06-01,1.4625,A,100.28,A,1.329278,A,2.07,-0.6074999999999999,-0.7465480000000002,0.09345200000000009,0.12980529206190194,-1.261286201983336,-0.20204500000000003,0.12795500000000004,1.2819741242990679
Canada,2019-07-01,1.519091,A,101.69,A,1.309748,A,2.06,-0.5409090000000001,-0.6680519999999999,0.1619480000000002,1.264688309101758,0.33349926856158785,0.05659100000000006,0.06659099999999984,1.4911265373186433
Canada,2019-08-01,1.205238,A,101.16,A,1.327303,A,1.63,-0.42476199999999986,-1.090217,0.16978300000000024,-0.5211918576064511,-1.7336659376193553,-0.31385299999999994,0.11614700000000022,-1.3226068199951313
Canada,2019-09-01,1.364,A,101.55,A,1.324785,A,1.7,-0.33599999999999985,-0.9896839999999998,0.31031600000000026,-0.16712544239088079,-1.5160950644821702,0.15876200000000007,0.08876200000000001,0.19006857716532544
Canada,2019-10-01,1.449546,A,101.77,A,1.319335,A,1.71,-0.26045399999999996,-1.03909,0.4009099999999999,-0.6346416715485304,-1.4239749570806426,0.0855459999999999,0.07554599999999989,0.4130868960499079
Canada,2019-11-01,1.4995,A,101.22,A,1.323897,A,1.81,-0.3105,-0.9081189999999999,0.40188100000000015,-0.09869719699959756,-0.3314457242519664,0.049954000000000054,-0.050046000000000035,-0.3445887406648862
Canada,2019-12-01,1.6045,A,101.55,A,1.317351,A,1.86,-0.25550000000000006,-0.45339499999999977,0.5166050000000002,2.2349743279975742,1.8704202600521747,0.10499999999999998,0.05499999999999994,0.4969062914895295
Canada,2020-01-01,1.492273,A,101.93,A,1.30839,A,1.76,-0.26772700000000005,-0.46136299999999997,0.488637,2.401044806108099,1.7361031496724966,-0.11222700000000008,-0.012226999999999988,0.6848875335335736
Canada,2020-02-01,1.294737,A,100.97,A,1.328317,A,1.5,-0.20526299999999997,-0.6126309999999999,0.5673690000000002,0.597788183720227,-0.5509227089617874,-0.19753599999999993,0.062464000000000075,-1.5001690108611188
Canada,2020-03-01,0.8190909,A,97.24,A,1.394039,A,0.87,-0.05090910000000004,-0.8932901,0.8067098999999999,-2.035059439854936,-4.13654137366315,-0.47564610000000007,0.15435389999999993,-4.714502248502372
Canada,2020-04-01,0.6571429,A,97.25,A,1.407435,A,0.66,-0.002857100000000057,-1.0671431,0.8028568999999998,-2.0052398226521495,-4.943247823167674,-0.16194799999999998,0.048051999999999984,-0.9518023922951979
Canada,2020-05-01,0.551,A,97.75,A,1.396066,A,0.67,-0.119,-1.1135449999999998,0.616455,-1.3821630347054081,-3.563370213156114,-0.10614289999999993,-0.11614289999999994,0.8143597795519764
Canada,2020-06-01,0.5613636,A,99.82,A,1.355405,A,0.73,-0.16863640000000002,-0.9011364,0.4388635999999999,-0.4587155963302836,-1.9276157310914477,0.010363599999999917,-0.049636400000000025,2.9999151545110125
Canada,2020-07-01,0.5163636,A,99.72,A,1.350601,A,0.62,-0.10363639999999996,-1.0027274,0.4372726000000001,-1.937260300914545,-3.024801551309386,-0.04499999999999993,0.06500000000000006,0.35569350237412145
Canada,2020-08-01,0.5635,A,101.02,A,1.323456,A,0.65,-0.08650000000000002,-0.641738,0.33826199999999984,-0.1383946223803889,0.2906783451811057,0.04713639999999997,0.01713639999999994,2.051069321533916
Canada,2020-09-01,0.5595238,A,100.83,A,1.321741,A,0.68,-0.12047620000000003,-0.8044762000000001,0.21552379999999982,-0.7090103397341174,0.23030230582239408,-0.003976199999999985,-0.03397620000000001,0.1297531059413215
Canada,2020-10-01,0.6028572,A,100.55,A,1.321338,A,0.79,-0.18714280000000005,-0.8466888,0.07331119999999991,-1.1987815662768964,-0.15158876835450474,0.043333399999999966,-0.06666660000000002,0.03049938774182248
Canada,2020-11-01,0.6885,A,100.88,A,1.30703,A,0.87,-0.1815,-0.811,0.129,-0.3359019956530318,1.290483003450582,0.08564280000000002,0.005642800000000059,1.0946956075989167
Canada,2020-12-01,0.7309524,A,102.03,A,1.281517,A,0.93,-0.1990476000000001,-0.8735476000000001,0.05645239999999996,0.47267355982274495,2.79621729559576,0.042452399999999946,-0.017547600000000108,1.9908436641886018
Canada,2021-01-01,0.8055,A,102.46,A,1.273017,A,1.08,-0.2745000000000001,-0.686773,-0.006773000000000029,0.5199646816442582,2.7786745974327065,0.07454760000000005,-0.07545239999999998,0.6677051445503013
Canada,2021-02-01,1.099474,A,102.92,A,1.269159,A,1.26,-0.16052599999999995,-0.19526299999999996,0.04473700000000003,1.9312667128850158,4.661196902830933,0.29397400000000007,0.11397400000000013,0.30398082509757174
Canada,2021-03-01,1.496522,A,104.61,A,1.258068,A,1.61,-0.11347800000000019,0.6774311,-0.06256890000000015,7.579185520361986,10.807921352422923,0.39704799999999985,0.04704799999999976,0.8815898663665278
Canada,2021-04-01,1.516191,A,105.03,A,1.250194,A,1.64,-0.12380899999999984,0.8590481000000001,-0.12095189999999978,8.000000000000007,12.5773279986946,0.01966900000000016,-0.010330999999999646,0.6298222515865426
Canada,2021-05-01,1.524,A,107.71,A,1.2130050000000001,A,1.62,-0.09600000000000009,0.973,0.02299999999999991,10.189258312020444,15.091528888998806,0.007808999999999955,0.02780899999999975,3.065857106936898
Canada,2021-06-01,1.425,A,107.1,A,1.221411,A,1.52,-0.09499999999999997,0.8636364000000001,0.07363640000000005,7.293127629733531,10.970426826023338,-0.09899999999999998,0.001000000000000112,-0.6882204270306946
Canada,2021-07-01,1.251429,A,105.02,A,1.25243,A,1.32,-0.06857100000000016,0.7350653999999999,0.0350653999999998,5.314881668672289,7.838442068618612,-0.17357100000000014,0.026428999999999814,-2.476705284926095
Canada,2021-08-01,1.191905,A,104.51,A,1.259578,A,1.28,-0.08809500000000003,0.628405,-0.001595000000000013,3.4547614333795273,5.07138104984366,-0.05952399999999991,-0.019523999999999875,-0.56749165196599
Canada,2021-09-01,1.263,A,103.89,A,1.266738,A,1.37,-0.1070000000000002,0.7034761999999999,0.013476199999999827,3.0348110681344798,4.342097576610171,0.07109499999999991,-0.01890500000000017,-0.565231326446336
Canada,2021-10-01,1.597,A,106.14,A,1.244372,A,1.58,0.016999999999999904,0.9941428,0.20414279999999996,5.559423172550981,6.185127919946765,0.3340000000000001,0.12400000000000011,1.7973724898985077
Canada,2021-11-01,1.685714,A,105.48,A,1.256419,A,1.56,0.12571399999999988,0.9972139999999999,0.3072139999999999,4.5598731165741535,4.028194416034769,0.08871399999999996,0.10871399999999998,-0.9588361844257265
Canada,2021-12-01,1.45,A,103.87,A,1.279445,A,1.47,-0.020000000000000018,0.7190476,0.17904760000000008,1.8033911594629082,0.161945218434556,-0.23571399999999998,-0.1457139999999999,-1.7996865828542874
Canada,2022-01-01,1.759,A,105.08,A,1.262351,A,1.76,-0.001000000000000112,0.9534999999999999,0.27349999999999997,2.557095451883673,0.8449314018050602,0.30899999999999994,0.018999999999999906,1.354140013356031
Canada,2022-02-01,1.879474,A,104.26,A,1.271602,A,1.93,-0.05052599999999985,0.78,0.1100000000000001,1.301982122036538,-0.19211986140317272,0.12047400000000019,-0.04952599999999974,-0.7275075062794678
Canada,2022-03-01,2.132174,A,105.49,A,1.265996,A,2.13,0.0021740000000001203,0.6356520000000001,0.11565200000000031,0.8412197686645584,-0.6262263071921237,0.2526999999999999,0.05269999999999997,0.44281340541361125
Canada,2022-04-01,2.704,A,106.37,A,1.262065,A,2.75,-0.04599999999999982,1.1878090000000001,0.07780900000000002,1.275825954489207,-0.9406013160970339,0.5718260000000002,-0.04817399999999994,0.3114736562696674
Canada,2022-05-01,2.918571,A,105.84,A,1.284592,A,2.9,0.018571000000000115,1.394571,0.1145710000000002,-1.7361433478785493,-5.57274216249205,0.21457099999999985,0.06457099999999993,-1.7536307247748684
Canada,2022-06-01,3.315454,A,106.34,A,1.281348,A,3.14,0.17545399999999978,1.8904539999999999,0.27045399999999975,-0.7096171802054019,-4.6776519727661725,0.3968829999999999,0.15688299999999966,0.25317087941760796
Canada,2022-07-01,3.043158,A,106.26,A,1.294865,A,2.9,0.14315800000000012,1.7917290000000001,0.21172900000000028,1.1807274804799262,-3.277175612901728,-0.27229599999999987,-0.03229599999999966,-1.0438926065651666
Canada,2022-08-01,2.859091,A,106.63,A,1.291304,A,2.9,-0.040909000000000084,1.6671859999999998,0.04718599999999995,2.0285140177973338,-2.456896284685861,-0.1840670000000002,-0.1840670000000002,0.275767751048539
Canada,2022-09-01,3.147895,A,104.77,A,1.331841,A,3.52,-0.3721049999999999,1.8848950000000002,-0.2651049999999997,0.8470497641736463,-4.888196113500043,0.2888040000000003,-0.3311959999999998,-3.0436816406763323
Canada,2022-10-01,3.380526,A,102.57,A,1.371718,A,3.98,-0.5994739999999998,1.7835260000000002,-0.6164739999999997,-3.36348219332957,-9.283686588642848,0.23263100000000003,-0.22736899999999993,-2.907084400729587
Canada,2022-11-01,3.16619,A,103.6,A,1.343977,A,3.89,-0.7238100000000003,1.480476,-0.8495240000000002,-1.7823284034888198,-6.514843631996681,-0.2143360000000003,-0.12433600000000045,2.0640978231026397
Canada,2022-12-01,2.9415,A,101.2,A,1.357903,A,3.62,-0.6785000000000001,1.4915,-0.6585000000000001,-2.570520843361901,-5.777879568717359,-0.22468999999999983,0.045310000000000183,-1.0255518987733359
Canada,2023-01-01,2.937619,A,101.21,A,1.344137,A,3.53,-0.5923809999999996,1.1786190000000003,-0.5913809999999995,-3.6829082603730523,-6.084647621485006,-0.0038809999999998013,0.0861190000000005,1.024151555979791
Canada,2023-02-01,3.174211,A,101.44,A,1.34394,A,3.75,-0.5757889999999999,1.294737,-0.525263,-2.7047765202378726,-5.382531958271953,0.2365919999999999,0.016591999999999718,0.014658392487754135
Canada,2023-03-01,2.993478,A,99.86,A,1.368336,A,3.66,-0.6665220000000001,0.8613040000000001,-0.6686960000000002,-5.3369987676556985,-7.4791571660761775,-0.18073300000000003,-0.09073300000000017,-1.7828954291928323
Canada,2023-04-01,2.916111,A,100.83,A,1.348641,A,3.46,-0.5438890000000001,0.21211099999999972,-0.49788900000000025,-5.208235404719385,-6.419499333032286,-0.07736700000000019,0.12263299999999999,1.4603589835990416
Canada,2023-05-01,3.045455,A,100.98,A,1.35152,A,3.57,-0.5245449999999998,0.126884,-0.5431159999999999,-4.591836734693877,-4.952053983662841,0.12934400000000013,0.01934400000000025,-0.21301941517699596
Canada,2023-06-01,3.338182,A,103.11,A,1.329803,A,3.75,-0.4118179999999998,0.022728000000000304,-0.5872719999999996,-3.0374271205567127,-3.643772799429701,0.2927270000000002,0.11272700000000002,1.6330990379778143
Canada,2023-07-01,3.452,A,103.42,A,1.321931,A,3.9,-0.44799999999999995,0.40884199999999993,-0.5911580000000001,-2.6726896292113667,-2.0474593605869007,0.11381799999999975,-0.03618200000000016,0.5954925030126512
Canada,2023-08-01,3.654091,A,102.06,A,1.347884,A,4.17,-0.5159089999999997,0.7950000000000004,-0.47499999999999964,-4.2858482603394865,-4.197690602455406,0.20209100000000024,-0.06790899999999978,-1.9254624285175992
Canada,2023-09-01,3.816,A,102.35,A,1.353218,A,4.38,-0.5640000000000001,0.6681049999999997,-0.19189500000000015,-2.3098215137921208,-1.5797159068235866,0.16190899999999964,-0.04809100000000033,-0.39417152299185965
Canada,2023-10-01,4.062,A,101.6,A,1.370353,A,4.8,-0.7379999999999995,0.6814740000000001,-0.1385259999999997,-0.9456956225017077,0.09960937072419629,0.24600000000000044,-0.1739999999999995,-1.2504077416548798
Canada,2023-11-01,3.710952,A,100.61,A,1.371987,A,4.5,-0.7890480000000002,0.544762,-0.06523799999999991,-2.8861003861003764,-2.0415645337747423,-0.35104800000000047,-0.05104800000000065,-0.11909733838586511
Canada,2023-12-01,3.23421,A,102.25,A,1.344104,A,4.02,-0.7857899999999995,0.29271,-0.10728999999999944,1.037549407114624,1.026631867772143,-0.4767419999999998,0.0032580000000006493,2.0744674519233675
Canada,2024-01-01,3.346364,A,102.44,A,1.341677,A,4.06,-0.7136359999999997,0.4087449999999997,-0.12125500000000011,1.2152949313309014,0.18335262511020023,0.11215399999999986,0.07215399999999983,0.18089301672459257
Canada,2024-02-01,3.504,A,102.22,A,1.349224,A,4.21,-0.706,0.3297889999999999,-0.13021100000000008,0.7689274447949535,-0.3916325235839291,0.1576360000000001,0.007635999999999754,-0.5593585646267774
Canada,2024-03-01,3.444,A,101.73,A,1.354484,A,4.21,-0.766,0.45052199999999987,-0.09947799999999996,1.8726216703384813,1.022677270458705,-0.06000000000000005,-0.06000000000000005,-0.3883397662873822
Canada,2024-04-01,3.695909,A,101.37,A,1.366685,A,4.54,-0.8440910000000001,0.779798,-0.3002020000000001,0.5355548943766886,-1.3202749719211093,0.25190899999999994,-0.07809100000000013,-0.8927441217251864
Canada,2024-05-01,3.6418180000000002,A,101.16,A,1.36695,A,4.48,-0.8381820000000002,0.5963630000000002,-0.3136370000000004,0.17825311942958333,-1.128790372727606,-0.05409099999999967,0.005908999999999942,-0.01938622480706087
Canada,2024-06-01,3.3915,A,101.43,A,1.370932,A,4.31,-0.9184999999999994,0.053317999999999977,-0.5066819999999996,-1.6293279022403184,-3.0000758608012656,-0.25031800000000004,-0.08031799999999922,-0.2904593371516606
Canada,2024-07-01,3.407727,A,101.32,A,1.371096,A,4.25,-0.842273,-0.04427300000000001,-0.3942730000000001,-2.0305550183716936,-3.585817477404951,0.01622699999999977,0.07622699999999938,-0.011961233932566984
Canada,2024-08-01,3.0715,A,101.08,A,1.366714,A,3.87,-0.7985000000000002,-0.5825910000000003,-0.2825910000000005,-0.9602194787380003,-1.3777571606056527,-0.33622700000000005,0.04377299999999984,0.32062304183611
Canada,2024-09-01,2.944444,A,101.65,A,1.353938,A,3.72,-0.7755560000000004,-0.871556,-0.2115560000000003,-0.6839276990718068,-0.05317821052367444,-0.12705600000000006,0.022943999999999853,0.9436178022922626
Canada,2024-10-01,3.186364,A,100.61,A,1.37505,A,4.1,-0.9136359999999994,-0.8756360000000001,-0.1756359999999999,-0.9744094488188915,-0.34158757863351763,0.24192000000000036,-0.1380799999999991,-1.53536235045999
Canada,2024-11-01,3.2785,A,100.02,A,1.397515,A,4.36,-1.0815000000000001,-0.4324519999999996,-0.29245199999999993,-0.5864228207931643,-1.8266709122979008,0.092136,-0.16786400000000068,-1.6074961628318785
Canada,2024-12-01,3.1615,A,98.57,A,1.423427,A,4.39,-1.2284999999999995,-0.07270999999999983,-0.44270999999999994,-3.5990220048899846,-5.572677769917256,-0.11699999999999999,-0.14699999999999935,-1.8203954259684463
Canada,2025-01-01,3.288636,A,97.97,A,1.439464,A,4.63,-1.341364,-0.057728,-0.6277280000000003,-4.363529871144078,-6.79329250332068,0.1271359999999997,-0.11286400000000052,-1.1140952465640064
Canada,2025-02-01,3.056316,A,98.26,A,1.43038,A,4.45,-1.3936840000000004,-0.4476840000000002,-0.6876840000000004,-3.8739972608100137,-5.673737048896099,-0.23232000000000008,-0.052320000000000366,0.6350759937918671
Canada,2025-03-01,3.010476,A,97.22,A,1.435977,A,4.28,-1.269524,-0.4335239999999998,-0.5035240000000001,-4.43330384350733,-5.67509089630266,-0.04583999999999966,0.12416000000000027,-0.3897694740236157
Canada,2025-04-01,3.108572,A,99.2,A,1.400477,A,4.28,-1.1714280000000001,-0.5873369999999998,-0.327337,-2.1406727828746197,-2.412892178879056,0.09809599999999996,0.09809599999999996,2.534850625893892
Canada,2025-05-01,3.221429,A,99.35,A,1.387341,A,4.42,-1.1985709999999998,-0.4203890000000001,-0.3603889999999996,-1.7892447607750106,-1.469790051616715,0.11285699999999999,-0.027142999999999695,0.946847242314619
Canada,2025-06-01,3.314,A,100.21,A,1.367985,A,4.38,-1.0659999999999998,-0.07750000000000012,-0.1475000000000004,-1.2027999605639494,0.21542633873909978,0.09257099999999996,0.132571,1.4149277952609118
Canada,2025-07-01,3.480454,A,99.93,A,1.368723,A,4.39,-0.9095459999999997,0.07272699999999999,-0.0672729999999997,-1.3718910382945038,0.17337328297983845,0.16645399999999988,0.1564540000000001,-0.05391887182430999
Canada,2025-08-01,3.4225,A,99.25,A,1.380489,A,4.26,-0.8374999999999999,0.351,-0.0389999999999997,-1.8104471705579717,-0.997834825196009,-0.05795400000000006,0.07204599999999983,-0.8523066826320314
Canada,2025-09-01,3.2245,A,98.78,A,1.383078,A,4.12,-0.8955000000000002,0.2800560000000001,-0.11994399999999983,-2.8234136743728544,-2.1068949112052926,-0.19799999999999995,-0.058000000000000274,-0.18719117793789541
Canada,2025-10-01,3.128182,A,97.83,A,1.399809,A,4.06,-0.9318179999999998,-0.0581820000000004,-0.018182000000000365,-2.7631448166186234,-1.7687413068497193,-0.09631800000000013,-0.03631799999999963,-1.195234492705799
Canada,2025-11-01,3.174211,A,97.63,A,1.405538,A,4.09,-0.9157889999999997,-0.10428900000000008,0.16571100000000039,-2.389522095580887,-0.5708134536383858,0.04602900000000032,0.01602900000000007,-0.4076019289410815
Canada,2025-12-01,3.387619,A,99.03,A,1.38092,A,4.14,-0.7523809999999997,0.22611899999999974,0.47611899999999974,0.4666734300497133,3.0781652811169513,0.21340799999999982,0.163408,1.782724560437976
Canada,2026-01-01,3.402381,A,98.83,A,1.37791,A,4.21,-0.8076189999999999,0.11374500000000021,0.5337450000000001,0.8778197407369515,4.467200325130105,0.014762000000000164,-0.05523800000000012,0.2184467780914634
Canada,2026-02-01,3.288421,A,99.26,A,1.365079,A,4.13,-0.8415789999999999,0.23210500000000023,0.5521050000000005,1.017708121310812,4.783679186332801,-0.11396000000000006,-0.03395999999999999,0.9399456002180173
Canada,2026-03-01,3.440909,A,99.49,A,1.371155,A,4.25,-0.809091,0.43043299999999984,0.4604330000000001,2.3349105122402847,4.727547213845273,0.15248799999999996,0.03248799999999985,-0.44313006188213544
Canada,2026-04-01,3.483333,A,98.69,A,1.37506,A,4.32,-0.8366670000000003,0.3747609999999999,0.33476099999999986,-0.5141129032258163,1.8484284322138667,0.04242400000000002,-0.027576000000000267,-0.2839876078134851
Japan,2017-01-01,0.085,A,93.61,A,115.080029,A,2.43,-2.345,NA,NA,NA,NA,NA,NA,NA
Japan,2017-02-01,0.05,A,94.61,A,112.913112,A,2.42,-2.37,NA,NA,NA,NA,-0.035,-0.02499999999999991,1.919101299767556
Japan,2017-03-01,0.065,A,94.48,A,112.957353,A,2.48,-2.415,NA,NA,NA,NA,0.015,-0.04499999999999993,-0.039166109000443594
Japan,2017-04-01,0.015,A,96.57,A,110.318991,A,2.3,-2.2849999999999997,NA,NA,NA,NA,-0.05,0.13000000000000034,2.3915755357116986
Japan,2017-05-01,0.04,A,94.19,A,112.236762,A,2.3,-2.26,NA,NA,NA,NA,0.025,0.02499999999999991,-1.7086834703944898
Japan,2017-06-01,0.075,A,94.55,A,110.941917,A,2.19,-2.1149999999999998,NA,NA,NA,NA,0.034999999999999996,0.14500000000000002,1.1671377555158013
Japan,2017-07-01,0.075,A,92.62,A,112.495383,A,2.32,-2.2449999999999997,NA,NA,NA,NA,0,-0.1299999999999999,-1.3809153394321982
Japan,2017-08-01,0.01,A,93.88,A,109.856392,A,2.21,-2.2,NA,NA,NA,NA,-0.065,0.044999999999999485,2.4022188895481023
Japan,2017-09-01,0.06,A,92.34,A,110.731514,A,2.2,-2.14,NA,NA,NA,NA,0.049999999999999996,0.06000000000000005,-0.7903097938316006
Japan,2017-10-01,0.065,A,91.32,A,112.935803,A,2.36,-2.295,NA,NA,NA,NA,0.0050000000000000044,-0.1549999999999998,-1.9518070810547128
Japan,2017-11-01,0.035,A,91.31,A,112.797776,A,2.35,-2.315,NA,NA,NA,NA,-0.03,-0.020000000000000018,0.12236677432364562
Japan,2017-12-01,0.045,A,90.68,A,112.906978,A,2.4,-2.355,NA,NA,NA,NA,0.009999999999999995,-0.040000000000000036,-0.09671855711167465
Japan,2018-01-01,0.08,A,90.5,A,110.886321,A,2.58,-2.5,-0.0050000000000000044,-0.1549999999999998,-3.3222946266424525,3.7819885827035327,0.035,-0.14500000000000002,1.8222779706073888
Japan,2018-02-01,0.045,A,92.34,A,107.948161,A,2.86,-2.815,-0.0050000000000000044,-0.44499999999999984,-2.399323538737974,4.599384513831595,-0.035,-0.31499999999999995,2.7218249693016894
Japan,2018-03-01,0.045,A,94.03,A,106.07695,A,2.84,-2.795,-0.020000000000000004,-0.3799999999999999,-0.47629127857747866,6.486237585073851,0,0.020000000000000018,1.7640128227668805
Japan,2018-04-01,0.05,A,92.83,A,107.658473,A,2.87,-2.8200000000000003,0.035,-0.5350000000000006,-3.8728383555969748,2.47125741789036,0.0050000000000000044,-0.025000000000000355,-1.4690186066451116
Japan,2018-05-01,0.03,A,92.66,A,109.693159,A,2.98,-2.95,-0.010000000000000002,-0.6900000000000004,-1.6243762607495493,2.3188346686232375,-0.020000000000000004,-0.1299999999999999,-1.8548886900048078
Japan,2018-06-01,0.03,A,93.38,A,110.058908,A,2.91,-2.8800000000000003,-0.045,-0.7650000000000006,-1.2374405076678974,0.8023057979096082,0,0.06999999999999984,-0.33232112388394963
Japan,2018-07-01,0.06,A,93.75,A,111.447072,A,2.89,-2.83,-0.015,-0.5850000000000004,1.2200388684949104,0.9406357486000161,0.03,0.050000000000000266,-1.2455814002901744
Japan,2018-08-01,0.11,A,95.14,A,111.004118,A,2.89,-2.7800000000000002,0.1,-0.5800000000000001,1.3421389007243434,-1.0339490288099107,0.05,0.04999999999999982,0.3990428535272983
Japan,2018-09-01,0.125,A,94.41,A,111.960762,A,3,-2.875,0.065,-0.7349999999999999,2.2417153996101336,-1.0979275042804715,0.015,-0.09499999999999975,-0.8544457744937395
Japan,2018-10-01,0.13,A,94.3,A,112.86609,A,3.15,-3.02,0.065,-0.7250000000000001,3.2632501095050337,0.06176611593438075,0.0050000000000000044,-0.14500000000000002,-0.8021257757755196
Japan,2018-11-01,0.085,A,94.07,A,113.303265,A,3.12,-3.035,0.05,-0.7200000000000002,3.0226700251889005,-0.4461380702489026,-0.045,-0.015000000000000124,-0.3858450151458581
Japan,2018-12-01,-0.01,A,94.76,A,112.332389,A,2.83,-2.84,-0.055,-0.4849999999999999,4.499338332598146,0.5115078608360912,-0.095,0.19500000000000028,0.8642885713042059
Japan,2019-01-01,0,A,96.71,A,108.916181,A,2.71,-2.71,-0.08,-0.20999999999999996,6.861878453038672,1.808858869188601,0.01,0.1299999999999999,3.136547727467609
Japan,2019-02-01,-0.015,A,95.16,A,110.369242,A,2.68,-2.6950000000000003,-0.06,0.11999999999999966,3.053931124106546,-2.193619305639516,-0.015,0.01499999999999968,-1.316545238210487
Japan,2019-03-01,-0.095,A,94.56,A,111.190659,A,2.57,-2.665,-0.14,0.1299999999999999,0.5636498989684213,-4.599045500755594,-0.08,0.03000000000000025,-0.7387464085449769
Japan,2019-04-01,-0.045,A,94.36,A,111.61519,A,2.53,-2.5749999999999997,-0.095,0.24500000000000055,1.6481740816546298,-3.5449628316719273,0.05,0.0900000000000003,-0.3803523516826002
Japan,2019-05-01,-0.095,A,97.01,A,109.926408,A,2.4,-2.495,-0.125,0.45500000000000007,4.694582344053533,-0.21218650208237877,-0.05,0.07999999999999963,1.5362841656756387
Japan,2019-06-01,-0.165,A,98.5,A,108.100594,A,2.07,-2.235,-0.195,0.6450000000000005,5.482972799314623,1.8115663638259116,-0.07,0.26000000000000023,1.6889953444659156
Japan,2019-07-01,-0.16,A,98.16,A,108.220917,A,2.06,-2.22,-0.22,0.6099999999999999,4.703999999999997,2.9810826681500036,0.0050000000000000044,0.01499999999999968,-0.11118275776575981
Japan,2019-08-01,-0.28,A,101.73,A,106.218906,A,1.63,-1.91,-0.39,0.8700000000000003,6.926634433466483,4.505047340630686,-0.12000000000000002,0.3100000000000003,1.8847972318600137
Japan,2019-09-01,-0.215,A,100.78,A,107.454216,A,1.7,-1.915,-0.33999999999999997,0.96,6.747166613706179,4.193921995578087,0.06500000000000003,-0.0050000000000001155,-1.1496151998354298
Japan,2019-10-01,-0.15,A,99.76,A,108.126677,A,1.71,-1.8599999999999999,-0.28,1.1600000000000001,5.790031813361618,4.38320415599196,0.065,0.05500000000000016,-0.6219196026897245
Japan,2019-11-01,-0.08,A,98.48,A,108.89443,A,1.81,-1.8900000000000001,-0.165,1.145,4.687998299138951,4.048724071561782,0.06999999999999999,-0.03000000000000025,-0.7050434076380174
Japan,2019-12-01,-0.025,A,98.01,A,109.093716,A,1.86,-1.885,-0.015000000000000001,0.9549999999999998,3.429717180244829,2.9687071984971114,0.055,0.0050000000000001155,-0.18267413312789138
Japan,2020-01-01,-0.065,A,97.22,A,109.33262,A,1.76,-1.825,-0.065,0.885,0.5273498087064565,-0.3808918143551443,-0.04,0.06000000000000005,-0.218511181749792
Japan,2020-02-01,-0.155,A,97.8,A,110.069926,A,1.5,-1.655,-0.14,1.0400000000000003,2.774274905422458,0.2719325894704472,-0.09,0.16999999999999993,-0.6698523627607367
Japan,2020-03-01,0.005,A,101.39,A,107.510132,A,0.87,-0.865,0.1,1.8,7.222927241962762,3.423423384876867,0.16,0.79,2.3809793108616084
Japan,2020-04-01,-0.04,A,102.38,A,107.689087,A,0.66,-0.7000000000000001,0.0049999999999999975,1.8749999999999996,8.499364137346333,3.6457761035711966,-0.045,0.16499999999999992,-0.166177469774631
Japan,2020-05-01,0,A,102.67,A,107.197007,A,0.67,-0.67,0.095,1.8250000000000002,5.834450056695184,2.5461541104407903,0.04,0.030000000000000027,0.4590426671147618
Japan,2020-06-01,0.03,A,100.71,A,107.618647,A,0.73,-0.7,0.195,1.535,2.2436548223350172,0.4478285254784886,0.03,-0.029999999999999916,-0.39179083899837375
Japan,2020-07-01,0.01,A,100.66,A,106.770804,A,0.62,-0.61,0.17,1.6100000000000003,2.5468622656886764,1.3581549877623944,-0.019999999999999997,0.08999999999999997,0.79407756449974
Japan,2020-08-01,0.045,A,100.12,A,106.023167,A,0.65,-0.605,0.325,1.305,-1.5826206625380923,0.1846190842422324,0.034999999999999996,0.0050000000000000044,0.7051638063216847
Japan,2020-09-01,0.015,A,100.01,A,105.576395,A,0.68,-0.665,0.22999999999999998,1.25,-0.7640404842230608,1.778637166006658,-0.03,-0.06000000000000005,0.4231741384994159
Japan,2020-10-01,0.04,A,99.71,A,105.211897,A,0.79,-0.75,0.19,1.1099999999999999,-0.050120288692878656,2.770390120425259,0.025,-0.08499999999999996,0.34644180971283856
Japan,2020-11-01,0.03,A,99.05,A,104.42004,A,0.87,-0.84,0.11,1.0500000000000003,0.5787977254264831,4.284991654858583,-0.010000000000000002,-0.08999999999999997,0.7583381504163267
Japan,2020-12-01,0.02,A,98.29,A,103.766465,A,0.93,-0.91,0.045,0.975,0.2856851341699773,5.1338850176692485,-0.009999999999999998,-0.07000000000000006,0.629851850499108
Japan,2021-01-01,0.055,A,97.77,A,103.78096,A,1.08,-1.0250000000000001,0.12,0.7999999999999998,0.5657272166220917,5.3494012774597755,0.035,-0.1150000000000001,-0.013966916474850155
Japan,2021-02-01,0.15,A,96.28,A,105.383723,A,1.26,-1.11,0.305,0.5449999999999999,-1.5541922290388532,4.446799625782805,0.095,-0.08499999999999996,-1.5208828786586026
Japan,2021-03-01,0.12,A,94.45,A,108.738183,A,1.61,-1.4900000000000002,0.11499999999999999,-0.6250000000000002,-6.84485649472334,-1.1293650179900583,-0.03,-0.3800000000000001,-3.0848961307363476
Japan,2021-04-01,0.09,A,94.08,A,108.936114,A,1.64,-1.5499999999999998,0.13,-0.8499999999999998,-8.107052158624729,-1.1447324071060638,-0.03,-0.05999999999999961,-0.1816945664134817
Japan,2021-05-01,0.08,A,92.99,A,109.147915,A,1.62,-1.54,0.08,-0.87,-9.428265316061168,-1.787398320893252,-0.009999999999999995,0.009999999999999787,-0.19404951528391168
Japan,2021-06-01,0.05,A,92.29,A,110.098791,A,1.52,-1.47,0.020000000000000004,-0.77,-8.360639459835163,-2.2526532557473833,-0.03,0.07000000000000006,-0.8636570768520091
Japan,2021-07-01,0.015,A,93.38,A,110.261106,A,1.32,-1.3050000000000002,0.004999999999999999,-0.6950000000000002,-7.232267037552154,-3.165487928263666,-0.035,0.1649999999999998,-0.14720966067580665
Japan,2021-08-01,0.02,A,93.91,A,109.826204,A,1.28,-1.26,-0.024999999999999998,-0.655,-6.202556931681991,-3.462777426050345,0.005000000000000001,0.04500000000000015,0.3959911060934074
Japan,2021-09-01,0.065,A,93.49,A,110.158244,A,1.37,-1.3050000000000002,0.05,-0.6400000000000001,-6.519348065193487,-4.159333730846315,0.045,-0.04500000000000015,-0.3014209267896417
Japan,2021-10-01,0.095,A,91.34,A,113.09842,A,1.58,-1.485,0.055,-0.7350000000000001,-8.394343596429632,-6.973150464878297,0.03,-0.17999999999999994,-2.599661427630917
Japan,2021-11-01,0.05,A,90.89,A,114.0021,A,1.56,-1.51,0.020000000000000004,-0.67,-8.238263503281162,-8.405160957561309,-0.045,-0.02499999999999991,-0.7926871522542123
Japan,2021-12-01,0.07,A,91.31,A,113.943368,A,1.47,-1.4,0.05,-0.4899999999999999,-7.101434530471062,-8.931544835501093,0.020000000000000004,0.1100000000000001,0.051544904307188055
Japan,2022-01-01,0.17,A,90.31,A,114.907434,A,1.76,-1.59,0.11500000000000002,-0.565,-7.630152398486234,-9.682988830818385,0.1,-0.19000000000000017,-0.8389935850451447
Japan,2022-02-01,0.18,A,89.97,A,115.197497,A,1.93,-1.75,0.03,-0.6399999999999999,-6.553801412546745,-8.51908613951916,0.009999999999999981,-0.15999999999999992,-0.25179626949707323
Japan,2022-03-01,0.21,A,88.5,A,118.62177200000001,A,2.13,-1.92,0.09,-0.4299999999999997,-6.299629433562737,-8.332019353074582,0.03,-0.16999999999999993,-2.8867171196869434
Japan,2022-04-01,0.215,A,83.82,A,126.297161,A,2.75,-2.535,0.125,-0.9850000000000003,-10.905612244897966,-13.746189433347599,0.0050000000000000044,-0.6150000000000002,-6.077245869366765
Japan,2022-05-01,0.235,A,84.34,A,128.797172,A,2.9,-2.665,0.15499999999999997,-1.125,-9.302075491988383,-15.255969284791437,0.01999999999999999,-0.1299999999999999,-1.9410449477881286
Japan,2022-06-01,0.225,A,81.25,A,134.002052,A,3.14,-2.915,0.175,-1.445,-11.962292772781458,-17.837981316883113,-0.009999999999999981,-0.25,-3.8841793258509227
Japan,2022-07-01,0.18,A,80.96,A,136.734618,A,2.9,-2.7199999999999998,0.16499999999999998,-1.4149999999999996,-13.300492610837445,-19.36123593807093,-0.04500000000000001,0.19500000000000028,-1.99844490003257
Japan,2022-08-01,0.22,A,82.19,A,135.140827,A,2.9,-2.6799999999999997,0.2,-1.4199999999999997,-12.48003407517836,-18.732032030557278,0.04000000000000001,0.040000000000000036,1.179355665775228
Japan,2022-09-01,0.24,A,79.83,A,142.95638,A,3.52,-3.2800000000000002,0.175,-1.975,-14.611188362391692,-22.942757783877855,0.01999999999999999,-0.6000000000000005,-5.467089331724817
Japan,2022-10-01,0.245,A,78.92,A,147.295108,A,3.98,-3.735,0.15,-2.25,-13.597547624261008,-23.21644517888537,0.0050000000000000044,-0.4549999999999996,-2.9456022395529913
Japan,2022-11-01,0.25,A,80.24,A,142.33331,A,3.89,-3.64,0.2,-2.13,-11.71746066674002,-19.904834644820678,0.0050000000000000044,0.09499999999999975,3.4860413208966934
Japan,2022-12-01,0.41,A,82.55,A,134.886621,A,3.62,-3.21,0.33999999999999997,-1.81,-9.593691819077875,-15.526560636432563,0.15999999999999998,0.43000000000000016,5.520702457214055
Japan,2023-01-01,0.49,A,83.68,A,130.519767,A,3.53,-3.04,0.31999999999999995,-1.45,-7.341379692171401,-11.96166171519446,0.08000000000000002,0.16999999999999993,3.3457414921679973
Japan,2023-02-01,0.5,A,82.7,A,132.898198,A,3.75,-3.25,0.32,-1.5,-8.080471268200506,-13.318992481749081,0.010000000000000009,-0.20999999999999996,-1.7896638448024804
Japan,2023-03-01,0.32,A,82.86,A,133.595186,A,3.66,-3.3400000000000003,0.11000000000000001,-1.4200000000000004,-6.372881355932202,-11.208049068474669,-0.18,-0.0900000000000003,-0.5217164037632394
Japan,2023-04-01,0.385,A,82.4,A,133.58277,A,3.46,-3.075,0.17,-0.54,-1.6941064185158505,-5.454003536533946,0.065,0.2650000000000001,0.00929461187246794
Japan,2023-05-01,0.43,A,80.9,A,137.055868,A,3.57,-3.1399999999999997,0.195,-0.47499999999999964,-4.078728954232869,-6.0257879655324365,0.044999999999999984,-0.0649999999999995,-2.5340746446551266
Japan,2023-06-01,0.395,A,79.35,A,141.270392,A,3.75,-3.355,0.17,-0.43999999999999995,-2.338461538461545,-5.144984661754171,-0.034999999999999976,-0.2150000000000003,-2.9833031113837283
Japan,2023-07-01,0.595,A,79.2,A,141.036086,A,3.9,-3.3049999999999997,0.415,-0.585,-2.1739130434782483,-3.049905965200994,0.19999999999999996,0.050000000000000266,0.1661319500882774
Japan,2023-08-01,0.64,A,78.1,A,144.808172,A,4.17,-3.53,0.42000000000000004,-0.8500000000000001,-4.976274485947196,-6.675966464102601,0.04500000000000004,-0.2250000000000001,-2.604884757470738
Japan,2023-09-01,0.765,A,77.42,A,147.702213,A,4.38,-3.6149999999999998,0.525,-0.3349999999999995,-3.018915194788918,-3.213108932904074,0.125,-0.08499999999999996,-1.959375517278128
Japan,2023-10-01,0.95,A,76.93,A,149.62059,A,4.8,-3.8499999999999996,0.705,-0.11499999999999977,-2.5215408008109397,-1.554252660011568,0.18499999999999994,-0.23499999999999988,-1.2821610982819864
Japan,2023-11-01,0.66,A,75.67,A,149.754135,A,4.5,-3.84,0.41000000000000003,-0.19999999999999973,-5.695413758723822,-4.955338962760514,-0.2899999999999999,0.009999999999999787,-0.08917616865804501
Japan,2023-12-01,0.62,A,77.87,A,144.208058,A,4.02,-3.3999999999999995,0.21000000000000002,-0.1899999999999995,-5.6692913385826715,-6.463880818643297,-0.040000000000000036,0.4400000000000004,3.8458856439214983
Japan,2024-01-01,0.73,A,76.96,A,146.228331,A,4.06,-3.3299999999999996,0.24,-0.2899999999999996,-8.030592734225639,-10.742490112945347,0.10999999999999999,0.06999999999999984,-1.3815879496019146
Japan,2024-02-01,0.71,A,75.76,A,149.496806,A,4.21,-3.5,0.20999999999999996,-0.25,-8.39177750906892,-11.1029850363492,-0.020000000000000018,-0.17000000000000037,-2.186317612698696
Japan,2024-03-01,0.725,A,75.62,A,149.719466,A,4.21,-3.485,0.40499999999999997,-0.14499999999999957,-8.737629736905618,-10.769661708518253,0.015000000000000013,0.015000000000000124,-0.14871813662494793
Japan,2024-04-01,0.87,A,74.45,A,153.842528,A,4.54,-3.67,0.485,-0.5949999999999998,-9.648058252427184,-13.169153070599549,0.14500000000000002,-0.18500000000000005,-2.6800534635000095
Japan,2024-05-01,1.07,A,73.17,A,155.872827,A,4.48,-3.41,0.6400000000000001,-0.27000000000000046,-9.555006180469716,-12.071994434283273,0.20000000000000007,0.2599999999999998,-1.3025355599664667
Japan,2024-06-01,1.05,A,72.5,A,157.84151,A,4.31,-3.26,0.655,0.0950000000000002,-8.632640201638308,-10.498580506484013,-0.020000000000000018,0.15000000000000036,-1.2472530198171516
Japan,2024-07-01,1.045,A,72.4,A,157.853196,A,4.25,-3.205,0.44999999999999996,0.09999999999999964,-8.585858585858585,-10.653639220583145,-0.0050000000000001155,0.054999999999999716,-0.007403081024726088
Japan,2024-08-01,0.89,A,76.93,A,146.262754,A,3.87,-2.98,0.25,0.5499999999999998,-1.498079385403317,-0.9944992557708754,-0.15499999999999992,0.2250000000000001,7.92439748536391
Japan,2024-09-01,0.855,A,77.67,A,143.240012,A,3.72,-2.865,0.08999999999999997,0.7499999999999996,0.3229139757168653,3.115191724502231,-0.03500000000000003,0.11499999999999977,2.1102637159790216
Japan,2024-10-01,0.935,A,74.93,A,149.683031,A,4.1,-3.1649999999999996,-0.014999999999999902,0.685,-2.599766021058103,-0.04171548343379072,0.08000000000000007,-0.2999999999999994,-4.304441830817806
Japan,2024-11-01,1.05,A,74.37,A,153.564796,A,4.36,-3.3100000000000005,0.39,0.5299999999999994,-1.7179859918065254,-2.4814678228726406,0.11499999999999999,-0.1450000000000009,-2.5277701016839793
Japan,2024-12-01,1.09,A,74.84,A,153.737873,A,4.39,-3.3,0.4700000000000001,0.09999999999999964,-3.8911005522023867,-6.198742583097927,0.040000000000000036,0.010000000000000675,-0.11257928617238733
Japan,2025-01-01,1.245,A,74.16,A,156.394987,A,4.63,-3.385,0.5150000000000001,-0.05500000000000016,-3.63825363825363,-6.500627798255443,0.15500000000000003,-0.08499999999999996,-1.6989764512081007
Japan,2025-02-01,1.37,A,75.98,A,151.83177,A,4.45,-3.08,0.6600000000000001,0.41999999999999993,0.29039070749736773,-1.5378625962142234,0.125,0.3049999999999997,3.005442800278213
Japan,2025-03-01,1.485,A,76.63,A,149.138189,A,4.28,-2.795,0.7600000000000001,0.69,1.3356254959005387,0.38975731427179916,0.11499999999999999,0.28500000000000014,1.8060974308867328
Japan,2025-04-01,1.31,A,78.83,A,144.210988,A,4.28,-2.97,0.44000000000000006,0.6999999999999997,5.883143049026196,6.678783727631066,-0.17500000000000004,-0.17500000000000027,3.4166612879734437
Japan,2025-05-01,1.5,A,77.12,A,144.665617,A,4.42,-2.92,0.42999999999999994,0.4900000000000002,5.398387317206499,7.746975565036984,0.18999999999999995,0.050000000000000266,-0.31426195762882525
Japan,2025-06-01,1.42,A,76.46,A,144.597991,A,4.38,-2.96,0.3699999999999999,0.2999999999999998,5.462068965517242,9.158854081174606,-0.08000000000000007,-0.040000000000000036,0.046768284629905565
Japan,2025-07-01,1.545,A,74.98,A,146.909476,A,4.39,-2.8449999999999998,0.5,0.3600000000000003,3.5635359116022114,7.449294829694986,0.125,0.11500000000000021,-1.5734076949535991
Japan,2025-08-01,1.6,A,74.86,A,147.697875,A,4.26,-2.6599999999999997,0.7100000000000001,0.3200000000000003,-2.690757831795143,-0.9716598833937273,0.05500000000000016,0.18500000000000005,-0.5337917014716642
Japan,2025-09-01,1.645,A,74.41,A,147.926825,A,4.12,-2.475,0.79,0.3900000000000001,-4.197244753444062,-3.1683320452527752,0.04499999999999993,0.1849999999999996,-0.15477246942872114
Japan,2025-10-01,1.655,A,72.98,A,151.466872,A,4.06,-2.4049999999999994,0.72,0.7600000000000002,-2.60242893367143,-1.177710331272963,0.010000000000000009,0.07000000000000073,-2.3371757488990674
Japan,2025-11-01,1.805,A,71.46,A,155.115084,A,4.09,-2.285,0.7549999999999999,1.0250000000000004,-3.912868091972588,-0.9994437420412283,0.1499999999999999,0.11999999999999922,-2.351938899765549
Japan,2025-12-01,2.06,A,70.53,A,155.863964,A,4.14,-2.0799999999999996,0.97,1.2200000000000002,-5.758952431854625,-1.364068348730052,0.2550000000000001,0.20500000000000052,-0.48047026444163476
Japan,2026-01-01,2.24,A,69.73,A,156.717278,A,4.21,-1.9699999999999998,0.9950000000000001,1.415,-5.973570658036664,-0.20565122372786515,0.18000000000000016,0.10999999999999988,-0.544492611720826
Japan,2026-02-01,2.11,A,69.88,A,155.154616,A,4.13,-2.02,0.7399999999999998,1.06,-8.028428533824705,-2.1416352833485752,-0.13000000000000034,-0.050000000000000266,1.007164363063473
Japan,2026-03-01,2.345,A,69.09,A,158.676109,A,4.25,-1.9049999999999998,0.8600000000000001,0.8900000000000001,-9.83948845099829,-6.010936403790934,0.23500000000000032,0.11500000000000021,-2.2192962899033497
Japan,2026-04-01,2.515,A,68.46,A,159.064181,A,4.32,-1.8050000000000002,1.205,1.165,-13.154890270201703,-9.337861551621106,0.16999999999999993,0.09999999999999964,-0.24397195997255539
Switzerland,2017-01-01,-0.072,A,95.21,A,1.009432,A,2.43,-2.5020000000000002,NA,NA,NA,NA,NA,NA,NA
Switzerland,2017-02-01,-0.213,A,95.36,A,1.001645,A,2.42,-2.633,NA,NA,NA,NA,-0.14100000000000001,-0.13099999999999978,0.7774211422210575
Switzerland,2017-03-01,-0.1,A,95.13,A,1.002132,A,2.48,-2.58,NA,NA,NA,NA,0.11299999999999999,0.052999999999999936,-0.048596392491218054
Switzerland,2017-04-01,-0.096,A,94.84,A,1.000409,A,2.3,-2.396,NA,NA,NA,NA,0.0040000000000000036,0.18400000000000016,0.17222955811071472
Switzerland,2017-05-01,-0.145,A,94.56,A,0.986275,A,2.3,-2.445,NA,NA,NA,NA,-0.04899999999999999,-0.04899999999999993,1.433068870244103
Switzerland,2017-06-01,-0.025,A,95.34,A,0.96837,A,2.19,-2.215,NA,NA,NA,NA,0.12,0.22999999999999998,1.8489833431436287
Switzerland,2017-07-01,0.06,A,94.72,A,0.960783,A,2.32,-2.26,NA,NA,NA,NA,0.08499999999999999,-0.04499999999999993,0.7896684266894605
Switzerland,2017-08-01,-0.114,A,92.73,A,0.96539,A,2.21,-2.324,NA,NA,NA,NA,-0.174,-0.06400000000000006,-0.477216461740837
Switzerland,2017-09-01,0.017,A,92.21,A,0.962726,A,2.2,-2.1830000000000003,NA,NA,NA,NA,0.131,0.14099999999999957,0.27671424683659573
Switzerland,2017-10-01,-0.029,A,91.39,A,0.982152,A,2.36,-2.389,NA,NA,NA,NA,-0.046,-0.20599999999999952,-1.9779015875343142
Switzerland,2017-11-01,-0.053,A,90.64,A,0.991688,A,2.35,-2.403,NA,NA,NA,NA,-0.023999999999999997,-0.014000000000000234,-0.9615927590129192
Switzerland,2017-12-01,-0.095,A,90.41,A,0.987615,A,2.4,-2.495,NA,NA,NA,NA,-0.042,-0.09200000000000008,0.4124076689803191
Switzerland,2018-01-01,0.103,A,90.74,A,0.961141,A,2.58,-2.477,0.175,0.025000000000000355,-4.694884991072367,5.024340861538534,0.198,0.018000000000000238,2.754434573075115
Switzerland,2018-02-01,0.116,A,92.46,A,0.934801,A,2.86,-2.7439999999999998,0.329,-0.11099999999999977,-3.0411073825503454,7.150612804222489,0.013000000000000012,-0.2669999999999999,2.8177120050149718
Switzerland,2018-03-01,0.054,A,91.32,A,0.947183,A,2.84,-2.786,0.154,-0.20599999999999996,-4.005045726900036,5.801307667050626,-0.062000000000000006,-0.04200000000000026,-1.307244745735514
Switzerland,2018-04-01,0.12,A,89.72,A,0.968596,A,2.87,-2.75,0.216,-0.3540000000000001,-5.398566005904682,3.2844447014028555,0.066,0.03600000000000003,-2.2107256276094445
Switzerland,2018-05-01,-0.008,A,89.6,A,0.997212,A,2.98,-2.988,0.13699999999999998,-0.5430000000000001,-5.245346869712364,-1.0967577606366574,-0.128,-0.238,-2.869600446043563
Switzerland,2018-06-01,-0.012,A,91.27,A,0.99008,A,2.91,-2.922,0.013000000000000001,-0.7070000000000003,-4.268932242500534,-2.192752100840334,-0.004,0.06599999999999984,0.7203458306399568
Switzerland,2018-07-01,0.042,A,91.42,A,0.994563,A,2.89,-2.8480000000000003,-0.017999999999999995,-0.5880000000000005,-3.4839527027026973,-3.3964665888435386,0.054000000000000006,0.07399999999999984,-0.45075073172841096
Switzerland,2018-08-01,-0.032,A,93.15,A,0.988282,A,2.89,-2.922,0.082,-0.5980000000000003,0.45292785506307887,-2.316342906174551,-0.07400000000000001,-0.07399999999999984,0.6355473437743564
Switzerland,2018-09-01,0.113,A,94.84,A,0.968041,A,3,-2.887,0.096,-0.7039999999999997,2.852185229367765,-0.5490469928443154,0.14500000000000002,0.03500000000000014,2.090923834837577
Switzerland,2018-10-01,0.071,A,93.17,A,0.993871,A,3.15,-3.0789999999999997,0.09999999999999999,-0.69,1.94769668453878,-1.179126868577507,-0.04200000000000001,-0.19199999999999973,-2.598928834828651
Switzerland,2018-11-01,-0.015,A,93.01,A,1.000912,A,3.12,-3.1350000000000002,0.038,-0.7320000000000002,2.6147396293027425,-0.9215595377016217,-0.086,-0.056000000000000494,-0.7034584458973536
Switzerland,2018-12-01,-0.154,A,93.77,A,0.991992,A,2.83,-2.984,-0.059,-0.4889999999999999,3.7164030527596426,-0.4412333970435167,-0.139,0.15100000000000025,0.89920080000645
Switzerland,2019-01-01,-0.21,A,93.41,A,0.989562,A,2.71,-2.92,-0.313,-0.44300000000000006,2.9424729997795884,-2.8720787580768126,-0.055999999999999994,0.06400000000000006,0.24556318856221448
Switzerland,2019-02-01,-0.236,A,92.43,A,1.001467,A,2.68,-2.9160000000000004,-0.352,-0.1720000000000006,-0.03244646333547818,-6.656834423900149,-0.025999999999999995,0.0039999999999995595,-1.1887560948089182
Switzerland,2019-03-01,-0.352,A,92.72,A,1.000719,A,2.57,-2.9219999999999997,-0.40599999999999997,-0.13599999999999968,1.5330705212439844,-5.349753527213929,-0.11599999999999999,-0.005999999999999339,0.07474625744092744
Switzerland,2019-04-01,-0.267,A,92.43,A,1.007252,A,2.53,-2.7969999999999997,-0.387,-0.04699999999999971,3.020508247882314,-3.8377685028175734,0.08499999999999996,0.125,-0.6485963790590743
Switzerland,2019-05-01,-0.445,A,92.87,A,1.010658,A,2.4,-2.8449999999999998,-0.437,0.14300000000000024,3.6495535714285765,-1.3304203795942882,-0.178,-0.04800000000000004,-0.3370081669565761
Switzerland,2019-06-01,-0.482,A,94.36,A,0.988854,A,2.07,-2.5519999999999996,-0.47,0.37000000000000055,3.385559329462029,0.12398190228284367,-0.03699999999999998,0.29300000000000015,2.204976669963421
Switzerland,2019-07-01,-0.654,A,94.72,A,0.987287,A,2.06,-2.714,-0.6960000000000001,0.13400000000000034,3.6097134106322537,0.7369690880159485,-0.17200000000000004,-0.16200000000000037,0.15871777912603857
Switzerland,2019-08-01,-0.975,A,96.68,A,0.978989,A,1.63,-2.605,-0.943,0.31700000000000017,3.789586688137403,0.9492445778246816,-0.32099999999999995,0.10899999999999999,0.8476091151177423
Switzerland,2019-09-01,-0.7,A,96.12,A,0.990846,A,1.7,-2.4,-0.813,0.4870000000000001,1.349641501476162,-2.3015685585852874,0.275,0.20500000000000007,-1.1966541722931767
Switzerland,2019-10-01,-0.511,A,95.47,A,0.993528,A,1.71,-2.221,-0.582,0.8579999999999997,2.4686057743908973,0.03452343567569294,0.18899999999999995,0.17899999999999983,-0.26994709761576363
Switzerland,2019-11-01,-0.58,A,95.24,A,0.993374,A,1.81,-2.39,-0.565,0.7450000000000001,2.397591656811082,0.7588279942901677,-0.06899999999999995,-0.16900000000000004,0.01550272102954775
Switzerland,2019-12-01,-0.456,A,95.83,A,0.983091,A,1.86,-2.3160000000000003,-0.30200000000000005,0.6679999999999997,2.196864668870635,0.9054095704263299,0.12399999999999994,0.07399999999999984,1.0459865872030072
Switzerland,2020-01-01,-0.698,A,96.94,A,0.969748,A,1.76,-2.458,-0.488,0.46199999999999974,3.7790386468258275,2.043211226009234,-0.24199999999999994,-0.1419999999999999,1.3759244669749204
Switzerland,2020-02-01,-0.832,A,97.7,A,0.976455,A,1.5,-2.332,-0.596,0.5840000000000005,5.701612030725944,2.5615107711056906,-0.134,0.12600000000000033,-0.6868724109149849
Switzerland,2020-03-01,-0.368,A,100.28,A,0.957615,A,0.87,-1.238,-0.016000000000000014,1.6839999999999997,8.153580672993964,4.5011826255854315,0.46399999999999997,1.0939999999999999,1.9673877288889585
Switzerland,2020-04-01,-0.487,A,100.64,A,0.970809,A,0.66,-1.147,-0.21999999999999997,1.6499999999999997,8.882397489992421,3.753879496378798,-0.119,0.09099999999999997,-1.3590726909206707
Switzerland,2020-05-01,-0.471,A,100.44,A,0.969977,A,0.67,-1.141,-0.025999999999999968,1.7039999999999997,8.151179067513725,4.194016971536452,0.016000000000000014,0.006000000000000005,0.08577522972195162
Switzerland,2020-06-01,-0.439,A,99.91,A,0.951842,A,0.73,-1.169,0.04299999999999998,1.3829999999999996,5.881729546417969,3.888460479785505,0.03199999999999997,-0.028000000000000025,1.9052531827761454
Switzerland,2020-07-01,-0.529,A,100.5,A,0.934548,A,0.62,-1.149,0.125,1.565,6.102195945945943,5.643262839361918,-0.09000000000000002,0.020000000000000018,1.850520251501253
Switzerland,2020-08-01,-0.41,A,100.98,A,0.910346,A,0.65,-1.06,0.565,1.545,4.447662391394291,7.540319834436571,0.11900000000000005,0.08899999999999997,2.658549606413385
Switzerland,2020-09-01,-0.5,A,100.74,A,0.914678,A,0.68,-1.1800000000000002,0.19999999999999996,1.2199999999999998,4.806491885143571,8.327302066956888,-0.09000000000000002,-0.1200000000000001,-0.47360929201314406
Switzerland,2020-10-01,-0.518,A,101.12,A,0.912023,A,0.79,-1.308,-0.007000000000000006,0.913,5.918089452183928,8.936726376418136,-0.018000000000000016,-0.1279999999999999,0.29111107943549097
Switzerland,2020-11-01,-0.509,A,100.18,A,0.911096,A,0.87,-1.379,0.07099999999999995,1.0110000000000001,5.1868962620747805,9.030661971954657,0.009000000000000008,-0.07099999999999995,0.10174558992686045
Switzerland,2020-12-01,-0.525,A,100.58,A,0.888617,A,0.93,-1.455,-0.069,0.8610000000000002,4.956694145883334,10.631576933594577,-0.016000000000000014,-0.07600000000000007,2.5296612601379387
Switzerland,2021-01-01,-0.454,A,100.46,A,0.886867,A,1.08,-1.534,0.24399999999999994,0.9240000000000002,3.631112028058592,9.34536971158022,0.07100000000000001,-0.07899999999999996,0.19732383773440887
Switzerland,2021-02-01,-0.229,A,99.39,A,0.897486,A,1.26,-1.489,0.603,0.8429999999999997,1.7297850562947747,8.798911626476613,0.225,0.04499999999999993,-1.1831939439723937
Switzerland,2021-03-01,-0.267,A,97.46,A,0.929934,A,1.61,-1.8770000000000002,0.10099999999999998,-0.6390000000000002,-2.8121260470682197,2.9766628599448897,-0.038000000000000006,-0.3880000000000001,-3.489279884378893
Switzerland,2021-04-01,-0.21,A,98.01,A,0.920952,A,1.64,-1.8499999999999999,0.277,-0.7029999999999998,-2.6132750397456217,5.413637192817866,0.05700000000000002,0.027000000000000357,0.9752951293878542
Switzerland,2021-05-01,-0.134,A,98.82,A,0.903077,A,1.62,-1.754,0.33699999999999997,-0.613,-1.6129032258064613,7.408006183304416,0.07599999999999998,0.09599999999999986,1.979343954059276
Switzerland,2021-06-01,-0.2,A,98.7,A,0.908212,A,1.52,-1.72,0.239,-0.5509999999999999,-1.2110899809828823,4.803944453497633,-0.066,0.03400000000000003,-0.5653966254574927
Switzerland,2021-07-01,-0.373,A,99.16,A,0.918304,A,1.32,-1.693,0.15600000000000003,-0.544,-1.333333333333342,1.7689131268076919,-0.173,0.026999999999999913,-1.0989824720354036
Switzerland,2021-08-01,-0.347,A,99.79,A,0.914221,A,1.28,-1.627,0.063,-0.567,-1.1784511784511786,-0.4238581262079877,0.026000000000000023,0.06600000000000006,0.4466097365954269
Switzerland,2021-09-01,-0.166,A,98.86,A,0.922466,A,1.37,-1.536,0.33399999999999996,-0.35599999999999987,-1.8661901925749458,-0.8442587585883898,0.18099999999999997,0.09099999999999997,-0.8937998798871805
Switzerland,2021-10-01,-0.046,A,99.86,A,0.923011,A,1.58,-1.6260000000000001,0.47200000000000003,-0.31800000000000006,-1.2460443037974778,-1.1904516847578206,0.12000000000000001,-0.09000000000000008,-0.05904588352685369
Switzerland,2021-11-01,-0.234,A,101.31,A,0.921969,A,1.56,-1.794,0.275,-0.41500000000000004,1.1279696546216744,-1.179323816744382,-0.188,-0.16799999999999993,0.11301898436932856
Switzerland,2021-12-01,-0.127,A,102.56,A,0.92077,A,1.47,-1.597,0.398,-0.1419999999999999,1.9685822231059857,-3.491968678388735,0.10700000000000001,0.19700000000000006,0.13021710090468375
Switzerland,2022-01-01,0.045,A,102.31,A,0.919283,A,1.76,-1.715,0.499,-0.18100000000000005,1.8415289667529366,-3.5262264177625346,0.172,-0.1180000000000001,0.16175649935874503
Switzerland,2022-02-01,0.263,A,101.85,A,0.922373,A,1.93,-1.6669999999999998,0.492,-0.17799999999999971,2.47509809840023,-2.6981492303005394,0.21800000000000003,0.048000000000000265,-0.3350054695876903
Switzerland,2022-03-01,0.677,A,103.73,A,0.929809,A,2.13,-1.4529999999999998,0.9440000000000001,0.4240000000000004,6.433408577878108,0.013443621216824297,0.41400000000000003,0.21399999999999997,-0.7997341389468171
Switzerland,2022-04-01,0.824,A,103.27,A,0.944012,A,2.75,-1.9260000000000002,1.034,-0.07600000000000029,5.366799306193237,-2.442765558064941,0.1469999999999999,-0.4730000000000003,-1.5045359592886443
Switzerland,2022-05-01,0.779,A,101.97,A,0.978958,A,2.9,-2.121,0.913,-0.367,3.1876138433515555,-7.751200766529309,-0.04499999999999993,-0.19499999999999984,-3.5697139203111905
Switzerland,2022-06-01,1.149,A,103.42,A,0.969643,A,3.14,-1.991,1.349,-0.27100000000000013,4.782168186423497,-6.335424480968765,0.37,0.1299999999999999,0.960662841891291
Switzerland,2022-07-01,0.52,A,106.23,A,0.970287,A,2.9,-2.38,0.893,-0.6869999999999998,7.12989108511497,-5.357487011574924,-0.629,-0.3889999999999998,-0.0663721146423657
Switzerland,2022-08-01,0.786,A,108.08,A,0.956842,A,2.9,-2.114,1.133,-0.4869999999999999,8.307445635835254,-4.454340424019854,0.266,0.266,1.40514316888265
Switzerland,2022-09-01,1.163,A,108.96,A,0.973477,A,3.52,-2.357,1.329,-0.8210000000000002,10.216467732146462,-5.240082713818617,0.377,-0.24300000000000033,-1.7088231154922084
Switzerland,2022-10-01,1.12,A,107.84,A,0.996456,A,3.98,-2.86,1.1660000000000001,-1.2339999999999998,7.991187662727817,-7.370621482534101,-0.04299999999999993,-0.5029999999999997,-2.3060727217257937
Switzerland,2022-11-01,1.055,A,108.26,A,0.965212,A,3.89,-2.835,1.289,-1.041,6.860132267298402,-4.480155654923468,-0.06500000000000017,0.02499999999999991,3.2370090715821975
Switzerland,2022-12-01,1.565,A,108.89,A,0.931662,A,3.62,-2.055,1.692,-0.4580000000000002,6.171996879875197,-1.169093512454089,0.51,0.7799999999999998,3.6010913829264135
Switzerland,2023-01-01,1.257,A,107.95,A,0.925008,A,3.53,-2.2729999999999997,1.212,-0.5579999999999996,5.512657609226856,-0.6189135661529566,-0.30800000000000005,-0.21799999999999953,0.7193451299880582
Switzerland,2023-02-01,1.446,A,108.59,A,0.92445600000000006,A,3.75,-2.3040000000000003,1.1829999999999998,-0.6370000000000005,6.617574864997544,-0.22532170270949115,0.18900000000000006,-0.031000000000000583,0.059710792076628216
Switzerland,2023-03-01,1.227,A,108.8,A,0.925534,A,3.66,-2.433,0.55,-0.98,4.887689193097455,0.46189551113196003,-0.21899999999999986,-0.12899999999999956,-0.11647330081876461
Switzerland,2023-04-01,1.08,A,110.37,A,0.897725,A,3.46,-2.38,0.2560000000000001,-0.45399999999999974,6.875181562893395,5.156033306413432,-0.14700000000000002,0.052999999999999936,3.0977192347322324
Switzerland,2023-05-01,0.848,A,111.34,A,0.897288,A,3.57,-2.722,0.06899999999999995,-0.601,9.188977150142197,9.101871416980956,-0.2320000000000001,-0.3420000000000001,0.048702311855275404
Switzerland,2023-06-01,0.966,A,111.88,A,0.9008,A,3.75,-2.784,-0.18300000000000005,-0.7929999999999997,8.180235931154511,7.642428952042635,0.118,-0.06199999999999983,-0.38987566607461277
Switzerland,2023-07-01,0.979,A,114.27,A,0.874009,A,3.9,-2.921,0.45899999999999996,-0.5409999999999999,7.568483479243149,11.015676039949241,0.013000000000000012,-0.137,3.065300242903679
Switzerland,2023-08-01,0.952,A,115.21,A,0.878891,A,4.17,-3.218,0.16599999999999993,-1.104,6.596965210954853,8.869245446818773,-0.027000000000000024,-0.29700000000000015,-0.5554727491804967
Switzerland,2023-09-01,1.087,A,114.66,A,0.898622,A,4.38,-3.293,-0.07600000000000007,-0.9359999999999999,5.231277533039647,8.32997634155408,0.135,-0.07500000000000018,-2.1956951866301977
Switzerland,2023-10-01,1.046,A,115.03,A,0.903907,A,4.8,-3.7539999999999996,-0.07400000000000007,-0.8939999999999997,6.667284866468837,10.238774564197417,-0.040999999999999925,-0.4609999999999994,-0.5846840438230916
Switzerland,2023-11-01,0.822,A,114.46,A,0.891517,A,4.5,-3.678,-0.23299999999999998,-0.843,5.726953630149634,8.26624730655725,-0.2240000000000001,0.07599999999999962,1.3897659831500597
Switzerland,2023-12-01,0.656,A,116.73,A,0.866047,A,4.02,-3.3639999999999994,-0.9089999999999999,-1.3089999999999993,7.199926531361922,7.576378649195714,-0.16599999999999993,0.3140000000000005,2.9409489323327653
Switzerland,2024-01-01,0.83,A,117.91,A,0.859087,A,4.06,-3.2299999999999995,-0.42699999999999994,-0.9569999999999999,9.226493747105135,7.67337883124759,0.17399999999999993,0.1339999999999999,0.810162416612048
Switzerland,2024-02-01,0.828,A,116.59,A,0.876566,A,4.21,-3.382,-0.618,-1.0779999999999998,7.367160880375723,5.463364994763675,-0.0020000000000000018,-0.15200000000000058,-1.9940312537789384
Switzerland,2024-03-01,0.639,A,114.67,A,0.888131,A,4.21,-3.5709999999999997,-0.5880000000000001,-1.138,5.395220588235294,4.211428269027873,-0.18899999999999995,-0.1889999999999996,-1.3021727650538106
Switzerland,2024-04-01,0.693,A,113.33,A,0.909871,A,4.54,-3.847,-0.3870000000000001,-1.467,2.681888194255677,-1.3349145098590864,0.05399999999999994,-0.27600000000000025,-2.3893496990232688
Switzerland,2024-05-01,0.915,A,112.66,A,0.909158,A,4.48,-3.5650000000000004,0.06700000000000006,-0.8430000000000004,1.1855577510328619,-1.3056036464508924,0.2220000000000001,0.2819999999999996,0.07842421229313778
Switzerland,2024-06-01,0.559,A,115.1,A,0.893719,A,4.31,-3.7509999999999994,-0.4069999999999999,-0.9669999999999996,2.8780836610654337,0.7923072017043342,-0.356,-0.18599999999999905,1.727500478338273
Switzerland,2024-07-01,0.45,A,114.82,A,0.892303,A,4.25,-3.8,-0.5289999999999999,-0.879,0.48131618097488893,-2.0502004363988413,-0.10900000000000004,-0.04900000000000038,0.15869048966552501
Switzerland,2024-08-01,0.451,A,117.76,A,0.858217,A,3.87,-3.419,-0.5009999999999999,-0.20100000000000007,2.2133495356305932,2.408947853514909,0.0010000000000000009,0.3809999999999998,3.9717227694161306
Switzerland,2024-09-01,0.41,A,118.14,A,0.84762,A,3.72,-3.31,-0.677,-0.016999999999999904,3.035060177917326,6.01708312687288,-0.041000000000000036,0.10899999999999999,1.2502064604421825
Switzerland,2024-10-01,0.451,A,118.04,A,0.860795,A,4.1,-3.6489999999999996,-0.595,0.10499999999999998,2.6167086846909493,5.0083934037721045,0.041000000000000036,-0.3389999999999995,-1.5305618643230878
Switzerland,2024-11-01,0.289,A,117.94,A,0.880181,A,4.36,-4.071000000000001,-0.5329999999999999,-0.3930000000000007,3.040363445745231,1.2879169170886495,-0.16200000000000003,-0.42200000000000104,-2.2025015309351192
Switzerland,2024-12-01,0.317,A,117.63,A,0.891295,A,4.39,-4.0729999999999995,-0.339,-0.7090000000000001,0.7710100231302919,-2.832732148166428,0.028000000000000025,-0.0019999999999988916,-1.2469496631306032
Switzerland,2025-01-01,0.383,A,116.46,A,0.909265,A,4.63,-4.247,-0.44699999999999995,-1.0170000000000003,-1.229751505385468,-5.518523202806658,0.066,-0.17400000000000038,-1.976321534426162
Switzerland,2025-02-01,0.396,A,116.23,A,0.904085,A,4.45,-4.054,-0.43199999999999994,-0.6720000000000002,-0.30877433742173555,-3.0438509653406554,0.013000000000000012,0.19299999999999962,0.5729549765785213
Switzerland,2025-03-01,0.514,A,116.17,A,0.883523,A,4.28,-3.766,-0.125,-0.19500000000000028,1.3081015086770842,0.5215483920622432,0.118,0.28800000000000026,2.3272738796839665
Switzerland,2025-04-01,0.326,A,120.54,A,0.835936,A,4.28,-3.954,-0.36699999999999994,-0.1070000000000002,6.361951822112433,8.84457661830571,-0.188,-0.18800000000000017,5.69266068215748
Switzerland,2025-05-01,0.259,A,120.15,A,0.829623,A,4.42,-4.161,-0.656,-0.5959999999999992,6.648322385939998,9.58688464519426,-0.067,-0.2069999999999994,0.7609480450758932
Switzerland,2025-06-01,0.41,A,120.71,A,0.814601,A,4.38,-3.9699999999999998,-0.14900000000000008,-0.2190000000000003,4.8740225890530064,9.712485007997774,0.15099999999999997,0.19099999999999984,1.844092997676161
Switzerland,2025-07-01,0.378,A,122.23,A,0.798599,A,4.39,-4.012,-0.07200000000000001,-0.21199999999999974,6.453579515763819,11.733548376594506,-0.03199999999999997,-0.041999999999999815,2.0037590830942698
Switzerland,2025-08-01,0.32,A,121.39,A,0.807025,A,4.26,-3.94,-0.131,-0.5209999999999999,3.0825407608695565,6.343297915182311,-0.057999999999999996,0.07199999999999962,-1.0440816579412093
Switzerland,2025-09-01,0.2,A,122.16,A,0.796936,A,4.12,-3.92,-0.20999999999999996,-0.6099999999999999,3.402742508887746,6.359858257124795,-0.12,0.020000000000000018,1.2659736791913012
Switzerland,2025-10-01,0.18,A,122.66,A,0.798718,A,4.06,-3.8799999999999994,-0.271,-0.23099999999999987,3.9139274822094228,7.772079757811889,-0.020000000000000018,0.04000000000000048,-0.22310752981653525
Switzerland,2025-11-01,0.19,A,122.48,A,0.803605,A,4.09,-3.9,-0.09899999999999998,0.1710000000000007,3.8494149567576796,9.529059674840257,0.010000000000000009,-0.020000000000000462,-0.6081345934880966
Switzerland,2025-12-01,0.33,A,122.38,A,0.797006,A,4.14,-3.8099999999999996,0.013000000000000012,0.2629999999999999,4.038085522400747,11.83040027302178,0.14,0.0900000000000003,0.8279736915405955
Switzerland,2026-01-01,0.27,A,122.86,A,0.790004,A,4.21,-3.94,-0.11299999999999999,0.30699999999999994,5.495449081229609,15.096252677201626,-0.06,-0.13000000000000034,0.8863246262044155
Switzerland,2026-02-01,0.25,A,124.69,A,0.773047,A,4.13,-3.88,-0.14600000000000002,0.17400000000000038,7.278671599414954,16.950845162066464,-0.020000000000000018,0.06000000000000005,2.193527689778252
Switzerland,2026-03-01,0.4,A,124.7,A,0.78684,A,4.25,-3.85,-0.11399999999999999,-0.08400000000000007,7.342687440819495,12.287504448172438,0.15000000000000002,0.029999999999999805,-1.7529612119363436
Switzerland,2026-04-01,0.45,A,123.31,A,0.787076,A,4.32,-3.87,0.124,0.08400000000000007,2.2979923676787806,6.207786795684278,0.04999999999999999,-0.020000000000000018,-0.02998439794886787
United Kingdom,2017-01-01,1.4203,A,97.71,A,0.811219,A,2.43,-1.0097000000000003,NA,NA,NA,NA,NA,NA,NA
United Kingdom,2017-02-01,1.3058,A,98.29,A,0.801255,A,2.42,-1.1141999999999999,NA,NA,NA,NA,-0.11449999999999982,-0.1044999999999996,1.2435491822203826
United Kingdom,2017-03-01,1.194,A,96.98,A,0.810213,A,2.48,-1.286,NA,NA,NA,NA,-0.11180000000000012,-0.17180000000000017,-1.1056351848217627
United Kingdom,2017-04-01,1.0789,A,98.9,A,0.791172,A,2.3,-1.2210999999999999,NA,NA,NA,NA,-0.11509999999999998,0.06490000000000018,2.4066827440809346
United Kingdom,2017-05-01,1.1175,A,99.48,A,0.773732,A,2.3,-1.1824999999999999,NA,NA,NA,NA,0.03859999999999997,0.03859999999999997,2.2540104325528665
United Kingdom,2017-06-01,1.0846,A,97.36,A,0.781223,A,2.19,-1.1054,NA,NA,NA,NA,-0.03289999999999993,0.07709999999999995,-0.9588811389321661
United Kingdom,2017-07-01,1.2713,A,97.38,A,0.769885,A,2.32,-1.0486999999999997,NA,NA,NA,NA,0.1867000000000001,0.056700000000000195,1.472687479298851
United Kingdom,2017-08-01,1.1241,A,95.5,A,0.77178,A,2.21,-1.0858999999999999,NA,NA,NA,NA,-0.1472,-0.03720000000000012,-0.24553629272590083
United Kingdom,2017-09-01,1.2436,A,97.41,A,0.750922,A,2.2,-0.9564000000000001,NA,NA,NA,NA,0.11949999999999994,0.12949999999999973,2.777652006466713
United Kingdom,2017-10-01,1.3816,A,97.71,A,0.757681,A,2.36,-0.9783999999999999,NA,NA,NA,NA,0.1379999999999999,-0.021999999999999797,-0.8920640744587871
United Kingdom,2017-11-01,1.3299,A,98.09,A,0.756511,A,2.35,-1.0201,NA,NA,NA,NA,-0.05169999999999986,-0.04170000000000007,0.15465736783735196
United Kingdom,2017-12-01,1.2781,A,98.84,A,0.74573,A,2.4,-1.1219,NA,NA,NA,NA,-0.05180000000000007,-0.10179999999999989,1.4456975044587317
United Kingdom,2018-01-01,1.3931,A,99.3,A,0.724229,A,2.58,-1.1869,-0.02719999999999989,-0.1771999999999998,1.627264353699731,12.01139418609307,0.11499999999999999,-0.06500000000000017,2.968812350789607
United Kingdom,2018-02-01,1.6034,A,99.54,A,0.715919,A,2.86,-1.2566,0.29759999999999986,-0.14240000000000008,1.271746871502688,11.919784221399365,0.21029999999999993,-0.06969999999999987,1.1607458385655356
United Kingdom,2018-03-01,1.508,A,99.79,A,0.715687,A,2.84,-1.3319999999999999,0.31400000000000006,-0.04599999999999982,2.897504640131987,13.207729077096552,-0.09539999999999993,-0.07539999999999991,0.032416405495694356
United Kingdom,2018-04-01,1.5108,A,100.97,A,0.710468,A,2.87,-1.3592000000000002,0.43189999999999995,-0.13810000000000033,2.0930232558139528,11.35927304255786,0.0027999999999999137,-0.027200000000000335,0.7345862164094719
United Kingdom,2018-05-01,1.5016,A,99.47,A,0.742731,A,2.98,-1.4784,0.3841000000000001,-0.29590000000000005,-0.010052271813432156,4.173920302235934,-0.009199999999999875,-0.11919999999999975,-4.3438337702344505
United Kingdom,2018-06-01,1.4229,A,99.24,A,0.752594,A,2.91,-1.4871,0.33830000000000005,-0.38170000000000015,1.930977814297452,3.804043082990294,-0.07869999999999999,-0.008700000000000152,-1.3105339665211213
United Kingdom,2018-07-01,1.3739,A,99.08,A,0.759279,A,2.89,-1.5161000000000002,0.1025999999999998,-0.4674000000000005,1.7457383446292996,1.3968514867394033,-0.049000000000000155,-0.029000000000000137,-0.8804405231805479
United Kingdom,2018-08-01,1.3991,A,98.25,A,0.776637,A,2.89,-1.4909000000000001,0.2749999999999999,-0.40500000000000025,2.8795811518324665,-0.6253886951046672,0.02520000000000011,0.02520000000000011,-2.2350209943641564
United Kingdom,2018-09-01,1.5023,A,99.44,A,0.765824,A,3,-1.4977,0.25869999999999993,-0.5412999999999999,2.0839749512370442,-1.9458779040614993,0.10319999999999996,-0.006799999999999917,1.411943214106648
United Kingdom,2018-10-01,1.5462,A,99.93,A,0.7687,A,3.15,-1.6038,0.16460000000000008,-0.6254,2.2720294749769776,-1.4334590867698727,0.04390000000000005,-0.10609999999999986,-0.3741381553271861
United Kingdom,2018-11-01,1.4541,A,99.5,A,0.775233,A,3.12,-1.6659000000000002,0.12419999999999987,-0.6458000000000002,1.4374553981037819,-2.415015872647308,-0.09210000000000007,-0.062100000000000266,-0.842714383933596
United Kingdom,2018-12-01,1.3125,A,97.57,A,0.78859,A,2.83,-1.5175,0.034399999999999986,-0.3956000000000002,-1.2849048968029186,-5.4350169289491435,-0.14159999999999995,0.1484000000000001,-1.6937825739611334
United Kingdom,2019-01-01,1.3221,A,98.54,A,0.776097,A,2.71,-1.3879,-0.07099999999999995,-0.20099999999999985,-0.7653575025176163,-6.6831852204041535,0.009600000000000053,0.12960000000000016,1.609721465229219
United Kingdom,2019-02-01,1.239,A,99.75,A,0.76879,A,2.68,-1.441,-0.36439999999999984,-0.18440000000000012,0.21097046413500742,-6.87717061876455,-0.08309999999999995,-0.05310000000000015,0.9504546104918132
United Kingdom,2019-03-01,1.19,A,101.31,A,0.759331,A,2.57,-1.38,-0.31800000000000006,-0.04800000000000004,1.5231987173063288,-5.747691059630123,-0.049000000000000155,0.061000000000000165,1.2457018085656912
United Kingdom,2019-04-01,1.1906,A,100.71,A,0.766854,A,2.53,-1.3393999999999997,-0.3201999999999998,0.019800000000000484,-0.2575022283846762,-7.352898987290935,6.00000000000156e-4,0.04060000000000019,-0.9810211591776308
United Kingdom,2019-05-01,1.13,A,100.02,A,0.779445,A,2.4,-1.27,-0.37160000000000015,0.20839999999999992,0.5529305318186406,-4.710274618478538,-0.06060000000000021,0.06939999999999968,-1.6153801743548302
United Kingdom,2019-06-01,0.919,A,98,A,0.789036,A,2.07,-1.1509999999999998,-0.5039,0.3361000000000003,-1.2494961708988228,-4.618547189228373,-0.21099999999999985,0.11900000000000022,-1.2155338919897063
United Kingdom,2019-07-01,0.8304,A,96.54,A,0.801769,A,2.06,-1.2296,-0.5434999999999999,0.2865000000000002,-2.563584981832856,-5.299531411167047,-0.08860000000000001,-0.07860000000000023,-1.5881132844996482
United Kingdom,2019-08-01,0.5776,A,95.17,A,0.822856,A,1.63,-1.0524,-0.8215,0.4385000000000001,-3.1348600508905866,-5.616900162361338,-0.2528,0.17720000000000002,-2.5626598092497455
United Kingdom,2019-09-01,0.5981,A,97.45,A,0.809655,A,1.7,-1.1019,-0.9042,0.39579999999999993,-2.0012067578439208,-5.413540335081002,0.020499999999999963,-0.0495000000000001,1.630447536296331
United Kingdom,2019-10-01,0.6373,A,99.31,A,0.792132,A,1.71,-1.0727,-0.9089,0.5310999999999999,-0.620434304012818,-2.9580928431119924,0.03920000000000001,0.029200000000000115,2.2121313114481067
United Kingdom,2019-11-01,0.765,A,101.14,A,0.776056,A,1.81,-1.045,-0.6890999999999999,0.6209000000000002,1.6482412060301543,-0.106049048006851,0.12770000000000004,0.027700000000000058,2.071499994845727
United Kingdom,2019-12-01,0.8308,A,102.45,A,0.762434,A,1.86,-1.0292000000000001,-0.4817,0.48829999999999996,5.001537357794406,3.430592025014634,0.06579999999999997,0.015799999999999814,1.786646450709184
United Kingdom,2020-01-01,0.7235,A,101.95,A,0.765091,A,1.76,-1.0365,-0.5986,0.35139999999999993,3.4605236452202037,1.438521692190875,-0.10729999999999995,-0.007299999999999862,-0.34727895113130236
United Kingdom,2020-02-01,0.633,A,102.57,A,0.771162,A,1.5,-0.867,-0.6060000000000001,0.5740000000000001,2.8270676691729335,-0.30758777014427974,-0.09050000000000002,0.16949999999999998,-0.7872535213094056
United Kingdom,2020-03-01,0.4609,A,98.3,A,0.809157,A,0.87,-0.4091,-0.7291,0.9708999999999999,-2.9710788668443455,-6.157766663329866,-0.17210000000000003,0.4579,-4.695627671762093
United Kingdom,2020-04-01,0.3577,A,100.55,A,0.806015,A,0.66,-0.3023,-0.8329000000000001,1.0370999999999997,-0.1588720087379536,-4.8585944430314605,-0.10319999999999996,0.1068,0.3898190480325914
United Kingdom,2020-05-01,0.2743,A,99.35,A,0.813492,A,0.67,-0.39570000000000005,-0.8556999999999999,0.8743,-0.669866026794641,-4.185290082754345,-0.08340000000000003,-0.09340000000000004,-0.9191239741755286
United Kingdom,2020-06-01,0.278,A,98.88,A,0.798621,A,0.73,-0.45199999999999996,-0.641,0.6989999999999998,0.897959183673458,-1.2001938341215768,0.0037000000000000366,-0.056299999999999906,1.8620847686199093
United Kingdom,2020-07-01,0.2094,A,98.82,A,0.789358,A,0.62,-0.41059999999999997,-0.621,0.8190000000000001,2.3617153511497735,1.5722903929522358,-0.06860000000000002,0.04139999999999999,1.1734852880442181
United Kingdom,2020-08-01,0.2717,A,100.54,A,0.761603,A,0.65,-0.3783,-0.3059,0.6740999999999999,5.6425344121046495,8.042641638754056,0.062299999999999994,0.03229999999999994,3.644287115465672
United Kingdom,2020-09-01,0.273,A,99.38,A,0.771296,A,0.68,-0.40700000000000003,-0.32509999999999994,0.6949000000000001,1.9805028219599619,4.973317636808705,0.0013000000000000234,-0.028700000000000003,-1.2567159689665153
United Kingdom,2020-10-01,0.3058,A,99.5,A,0.770622,A,0.79,-0.4842,-0.33149999999999996,0.5885,0.1913201087503813,2.791251742099221,0.032799999999999996,-0.07719999999999999,0.087461816558565
United Kingdom,2020-11-01,0.3836,A,100.27,A,0.756973,A,0.87,-0.4864,-0.3814,0.5586,-0.8601937907850576,2.520961778029074,0.07779999999999998,-0.0021999999999999797,1.8031026205690415
United Kingdom,2020-12-01,0.3224,A,99.89,A,0.744699,A,0.93,-0.6076,-0.5084,0.4216000000000001,-2.498779892630554,2.38149910232186,-0.06119999999999998,-0.12120000000000003,1.648182688576183
United Kingdom,2021-01-01,0.3672,A,101.04,A,0.733442,A,1.08,-0.7128000000000001,-0.3563,0.3236999999999999,-0.8925944090240279,4.3151333029741945,0.044800000000000006,-0.10520000000000007,1.5348180224203034
United Kingdom,2021-02-01,0.6222,A,102.86,A,0.721383,A,1.26,-0.6378,-0.010800000000000032,0.22919999999999996,0.28273374280980423,6.900495298613918,0.25499999999999995,0.07500000000000007,1.6716501497817449
United Kingdom,2021-03-01,0.8456,A,104.6,A,0.721703,A,1.61,-0.7644000000000001,0.38470000000000004,-0.35530000000000006,6.408952187182093,12.117727098266196,0.22340000000000004,-0.12660000000000005,-0.04433956904710268
United Kingdom,2021-04-01,0.8515,A,104.35,A,0.72234,A,1.64,-0.7884999999999999,0.4938,-0.48619999999999985,3.779214321233204,11.583880167234284,0.005900000000000016,-0.024099999999999788,-0.08818561896060118
United Kingdom,2021-05-01,0.9058,A,104.8,A,0.710217,A,1.62,-0.7142000000000001,0.6315000000000001,-0.3185,5.485656768998504,14.541330325801827,0.054300000000000015,0.07429999999999981,1.7069430892248327
United Kingdom,2021-06-01,0.8549,A,104.85,A,0.712869,A,1.52,-0.6651,0.5769,-0.21310000000000007,6.0376213592233,12.029138593486334,-0.050900000000000056,0.04910000000000003,-0.372017860223961
United Kingdom,2021-07-01,0.6979,A,104.76,A,0.724206,A,1.32,-0.6221000000000001,0.48849999999999993,-0.21150000000000013,6.0109289617486406,8.996335296863055,-0.15700000000000003,0.04299999999999993,-1.5654385630607948
United Kingdom,2021-08-01,0.644,A,104.88,A,0.724522,A,1.28,-0.636,0.3723,-0.2577,4.316689874676727,5.117995036727674,-0.05389999999999995,-0.013899999999999912,-0.04361496269263965
United Kingdom,2021-09-01,0.8023,A,104.33,A,0.727997,A,1.37,-0.5677000000000001,0.5293,-0.16070000000000007,4.980881465083531,5.947689344873663,0.1583,0.06829999999999992,-0.4773371318837816
United Kingdom,2021-10-01,1.083,A,105.12,A,0.73004,A,1.58,-0.4970000000000001,0.7771999999999999,-0.012800000000000089,5.648241206030158,5.558873486384308,0.28069999999999995,0.07069999999999999,-0.27984767957920376
United Kingdom,2021-11-01,0.9394,A,104.66,A,0.742882,A,1.56,-0.6206,0.5558000000000001,-0.13420000000000004,4.3781789169243135,1.8968019147051596,-0.14359999999999995,-0.12359999999999993,-1.7286729251752009
United Kingdom,2021-12-01,0.8375,A,104.86,A,0.75086,A,1.47,-0.6325,0.5151,-0.024899999999999922,4.975473020322352,-0.8205257970860025,-0.10189999999999999,-0.01189999999999991,-1.0625149828196956
United Kingdom,2022-01-01,1.2051,A,106.35,A,0.738057,A,1.76,-0.5549,0.8379000000000001,0.15790000000000015,5.2553444180522435,-0.6252904585960062,0.36760000000000004,0.0776,1.7346898681267264
United Kingdom,2022-02-01,1.4891,A,106.14,A,0.738761,A,1.93,-0.44089999999999985,0.8669000000000001,0.19690000000000019,3.1888003111024688,-2.3523169198157445,0.28400000000000003,0.1140000000000001,-0.09529468935149943
United Kingdom,2022-03-01,1.5457,A,105.81,A,0.759054,A,2.13,-0.5842999999999998,0.7001000000000001,0.18010000000000026,1.1567877629063084,-4.920730277424267,0.056599999999999984,-0.14339999999999997,-2.6734593322741196
United Kingdom,2022-04-01,1.8362,A,104.99,A,0.773415,A,2.75,-0.9138,0.9847,-0.12530000000000008,0.6133205558217503,-6.603828475010176,0.2905,-0.3295000000000001,-1.8568297744419149
United Kingdom,2022-05-01,1.9069,A,103.54,A,0.803284,A,2.9,-0.9930999999999999,1.0011,-0.2788999999999998,-1.2022900763358657,-11.585815228487062,0.07069999999999999,-0.07929999999999993,-3.7183611275713235
United Kingdom,2022-06-01,2.3824,A,102.91,A,0.811781,A,3.14,-0.7576,1.5275,-0.09250000000000003,-1.8502622794468238,-12.184567019922865,0.47550000000000003,0.23549999999999982,-1.046710873991874
United Kingdom,2022-07-01,2.1454,A,102.64,A,0.834665,A,2.9,-0.7545999999999999,1.4475,-0.13249999999999984,-2.023673157693784,-13.233932176382135,-0.2370000000000001,0.0030000000000001137,-2.741698765372935
United Kingdom,2022-08-01,2.3278,A,103.03,A,0.834418,A,2.9,-0.5722,1.6837999999999997,0.06379999999999997,-1.7639206712433242,-13.170377436728353,0.1823999999999999,0.1823999999999999,0.029601470725704182
United Kingdom,2022-09-01,3.5007,A,99.66,A,0.883518,A,3.52,-0.019299999999999873,2.6984000000000004,0.5484000000000002,-4.47618134764689,-17.602471030584553,1.1729000000000003,0.5529000000000002,-5.557328769759085
United Kingdom,2022-10-01,4.1096,A,100.86,A,0.886136,A,3.98,0.12960000000000038,3.0266,0.6266000000000005,-4.052511415525117,-17.61535475367212,0.6089000000000002,0.14890000000000025,-0.29543997761065643
United Kingdom,2022-11-01,3.4171,A,102.23,A,0.852182,A,3.89,-0.4729000000000001,2.4777,0.14769999999999994,-2.3218039365564658,-12.825898693002191,-0.6925000000000003,-0.6025000000000005,3.9843601484190083
United Kingdom,2022-12-01,3.5015,A,103.12,A,0.821135,A,3.62,-0.11850000000000005,2.664,0.5139999999999999,-1.6593553309174114,-8.558276044742941,0.08440000000000003,0.35440000000000005,3.7809860741534695
United Kingdom,2023-01-01,3.5115,A,101.76,A,0.819235,A,3.53,-0.01849999999999996,2.3064,0.5364,-4.315937940761627,-9.909000469950636,0.009999999999999787,0.10000000000000009,0.23192368490114745
United Kingdom,2023-02-01,3.5553,A,101.43,A,0.826466,A,3.75,-0.1947000000000001,2.0662,0.24619999999999975,-4.437535330695297,-10.612051796444144,0.04380000000000006,-0.17620000000000013,-0.8749301241672391
United Kingdom,2023-03-01,3.5638,A,102.14,A,0.823874,A,3.66,-0.09620000000000006,2.0181,0.48809999999999976,-3.468481239958421,-7.86770792621202,0.008500000000000174,0.09850000000000003,0.31461121482168064
United Kingdom,2023-04-01,3.6503,A,103.34,A,0.803409,A,3.46,0.19030000000000014,1.8141,1.1041,-1.5715782455471894,-3.7333412993879933,0.08650000000000002,0.2865000000000002,2.547270443821259
United Kingdom,2023-05-01,3.9621,A,104.51,A,0.800978,A,3.57,0.3921000000000001,2.0552,1.3852,0.9368360054085256,0.28789804464042223,0.31179999999999986,0.20179999999999998,0.30350396640108634
United Kingdom,2023-06-01,4.3659,A,106.97,A,0.792151,A,3.75,0.6158999999999999,1.9834999999999998,1.3735,3.945194830434362,2.4780628945743732,0.40379999999999994,0.22379999999999978,1.1143077519311317
United Kingdom,2023-07-01,4.4372,A,108.38,A,0.776475,A,3.9,0.5371999999999999,2.2918,1.2917999999999998,5.592361652377242,7.494124086416165,0.07129999999999992,-0.07869999999999999,2.0188673170417726
United Kingdom,2023-08-01,4.5298,A,108.31,A,0.787377,A,4.17,0.3597999999999999,2.202,0.9319999999999999,5.1247209550616235,5.974393460819916,0.09260000000000002,-0.1774,-1.3845972132790263
United Kingdom,2023-09-01,4.4199,A,107.46,A,0.806504,A,4.38,0.03990000000000027,0.9192,0.05920000000000014,7.826610475617102,9.54911568944481,-0.10989999999999966,-0.31989999999999963,-2.371593941257577
United Kingdom,2023-10-01,4.5695,A,106.32,A,0.821765,A,4.8,-0.23050000000000015,0.4598999999999993,-0.36010000000000053,5.4134443783462105,7.833261333836328,0.1495999999999995,-0.2704000000000004,-1.8571002658910984
United Kingdom,2023-11-01,4.2721,A,106.61,A,0.805484,A,4.5,-0.2279,0.855,0.2450000000000001,4.284456617431287,5.797508082097225,-0.29739999999999966,0.0026000000000001577,2.0212691996364995
United Kingdom,2023-12-01,3.8622,A,107.54,A,0.790353,A,4.02,-0.1577999999999995,0.3607,-0.039299999999999446,4.286268425135775,3.8947153993215577,-0.40989999999999993,0.0701000000000005,1.9144610066641032
United Kingdom,2024-01-01,3.9319,A,108.27,A,0.787457,A,4.06,-0.12809999999999944,0.42040000000000033,-0.10959999999999948,6.397405660377342,4.035521939610676,0.0697000000000001,0.02970000000000006,0.36776611294331296
United Kingdom,2024-02-01,4.123,A,108.64,A,0.791754,A,4.21,-0.08699999999999974,0.5677000000000003,0.10770000000000035,7.108350586611456,4.3841900388251975,0.19110000000000005,0.04109999999999969,-0.5427190768849899
United Kingdom,2024-03-01,4.033,A,109.18,A,0.786643,A,4.21,-0.1769999999999996,0.4692000000000003,-0.08079999999999954,6.892500489524189,4.7328966252798255,-0.08999999999999986,-0.08999999999999986,0.6497229365798773
United Kingdom,2024-04-01,4.2172,A,108.82,A,0.798509,A,4.54,-0.3228,0.5669,-0.5131000000000001,5.302883684923554,0.6136436784056398,0.1841999999999997,-0.14580000000000037,-1.4860195689716749
United Kingdom,2024-05-01,4.2229,A,109.15,A,0.791389,A,4.48,-0.25710000000000033,0.26080000000000014,-0.6492000000000004,4.439766529518696,1.2116670815490282,0.005700000000000038,0.06569999999999965,0.8996839733683482
United Kingdom,2024-06-01,4.1644,A,110.25,A,0.786737,A,4.31,-0.14559999999999995,-0.20150000000000023,-0.7614999999999998,3.0662802654950028,0.6881588129197036,-0.05850000000000044,0.11150000000000038,0.591303065700477
United Kingdom,2024-07-01,4.1386,A,111.19,A,0.777704,A,4.25,-0.11139999999999972,-0.29859999999999953,-0.6485999999999996,2.592729285846107,-0.1580292759198798,-0.02579999999999938,0.03420000000000023,1.1614958904673234
United Kingdom,2024-08-01,3.9444,A,110.25,A,0.773332,A,3.87,0.0743999999999998,-0.5853999999999999,-0.2854000000000001,1.791155018003865,1.8161669244257217,-0.19420000000000037,0.18579999999999952,0.5653458023203495
United Kingdom,2024-09-01,3.9053,A,111.73,A,0.756569,A,3.72,0.1852999999999998,-0.5146000000000002,0.14539999999999953,3.97357156151128,6.6001911259911505,-0.03909999999999991,0.1109,2.215660435465905
United Kingdom,2024-10-01,4.1993,A,111.89,A,0.765754,A,4.1,0.09930000000000039,-0.37019999999999964,0.32980000000000054,5.238901429646359,7.314490032046828,0.29400000000000004,-0.08599999999999941,-1.1994713707012994
United Kingdom,2024-11-01,4.4164,A,111.48,A,0.784472,A,4.36,0.056400000000000006,0.14430000000000032,0.2843,4.56805177750681,2.6784894808227655,0.2171000000000003,-0.04290000000000038,-2.386063492387225
United Kingdom,2024-12-01,4.4345,A,111.79,A,0.790238,A,4.39,0.044500000000000206,0.5722999999999998,0.2022999999999997,3.952017853821843,0.01455257783098407,0.01809999999999956,-0.0118999999999998,-0.7296535980299668
United Kingdom,2025-01-01,4.6627,A,110.07,A,0.810462,A,4.63,0.03270000000000017,0.7307999999999999,0.1607999999999996,1.6625103906899419,-2.838504457951152,0.22820000000000018,-0.011800000000000033,-2.4953668401479723
United Kingdom,2025-02-01,4.5063,A,111.01,A,0.79784,A,4.45,0.05630000000000024,0.3833000000000002,0.14329999999999998,2.1815169366715903,-0.7628095858818851,-0.15639999999999965,0.023600000000000065,1.5820214579364222
United Kingdom,2025-03-01,4.6448,A,111.99,A,0.774577,A,4.28,0.3647999999999998,0.6117999999999997,0.5417999999999994,2.573731452646988,1.5577534576936891,0.13849999999999962,0.30849999999999955,3.0033166489580765
United Kingdom,2025-04-01,4.5762,A,111.89,A,0.761556,A,4.28,0.2961999999999998,0.359,0.6189999999999998,2.8211725785701303,4.852302391419672,-0.0686,-0.0686,1.7097889058716564
United Kingdom,2025-05-01,4.6004,A,112.82,A,0.747937,A,4.42,0.18039999999999967,0.3774999999999995,0.4375,3.3623453962436933,5.809580218654786,0.024199999999999555,-0.11580000000000013,1.8208752876244905
United Kingdom,2025-06-01,4.5248,A,112.95,A,0.737957,A,4.38,0.14480000000000004,0.3604000000000003,0.2904,2.448979591836742,6.610141241291845,-0.07559999999999967,-0.03559999999999963,1.3523823203791085
United Kingdom,2025-07-01,4.5924,A,111.75,A,0.740557,A,4.39,0.2023999999999999,0.4537999999999993,0.31379999999999963,0.5036424138861406,5.016089240936195,0.06759999999999966,0.057599999999999874,-0.3510870871519689
United Kingdom,2025-08-01,4.6369,A,111.68,A,0.743943,A,4.26,0.3769,0.6924999999999999,0.3025000000000002,1.297052154195022,3.950437063054557,0.044500000000000206,0.1745000000000001,-0.45514239666211154
United Kingdom,2025-09-01,4.6885,A,111.46,A,0.740663,A,4.12,0.5685000000000002,0.7832000000000003,0.38320000000000043,-0.2416539872908019,2.147535383838539,0.051600000000000534,0.19160000000000021,0.4428464767377349
United Kingdom,2025-10-01,4.5721,A,110.77,A,0.749393,A,4.06,0.5121000000000002,0.3727999999999998,0.41279999999999983,-1.0009831084100473,2.1832336304182354,-0.1164000000000005,-0.056400000000000006,-1.164942827061366
United Kingdom,2025-11-01,4.4985,A,109.48,A,0.761209,A,4.09,0.4085000000000001,0.08209999999999962,0.3521000000000001,-1.794043774668097,3.0560595053395145,-0.07359999999999989,-0.10360000000000014,-1.5522675112879747
United Kingdom,2025-12-01,4.4826,A,110.6,A,0.747325,A,4.14,0.3426,0.04809999999999981,0.2980999999999998,-1.0644959298685142,5.742213896229886,-0.015900000000000247,-0.06590000000000007,1.857826246947436
United Kingdom,2026-01-01,4.451,A,111.14,A,0.739771,A,4.21,0.24099999999999966,-0.21170000000000044,0.20829999999999949,0.9721086581266469,9.555794968983644,-0.03160000000000007,-0.10160000000000036,1.0211268081609104
United Kingdom,2026-02-01,4.4324,A,110.89,A,0.736073,A,4.13,0.30240000000000045,-0.07390000000000008,0.2461000000000002,-0.10809836951626295,8.391423133303366,-0.018599999999999284,0.06140000000000079,0.5023958221535008
United Kingdom,2026-03-01,4.7007,A,110.73,A,0.749526,A,4.25,0.4507000000000003,0.05590000000000028,0.08590000000000053,-1.1251004553977983,3.3422456325731043,0.2683,0.14829999999999988,-1.794867689713242
United Kingdom,2026-04-01,4.8207,A,110.61,A,0.742645,A,4.32,0.5007000000000001,0.24450000000000038,0.20450000000000035,-1.1439806953257636,2.5464387426024526,0.1200000000000001,0.04999999999999982,0.9265530637114772
United States,2017-01-01,2.43,A,100.4,A,NA,NA,2.43,0,NA,NA,NA,NA,NA,NA,NA
United States,2017-02-01,2.42,A,98.89,A,NA,NA,2.42,0,NA,NA,NA,NA,-0.010000000000000231,0,NA
United States,2017-03-01,2.48,A,98.42,A,NA,NA,2.48,0,NA,NA,NA,NA,0.06000000000000005,0,NA
United States,2017-04-01,2.3,A,97.64,A,NA,NA,2.3,0,NA,NA,NA,NA,-0.18000000000000016,0,NA
United States,2017-05-01,2.3,A,97.15,A,NA,NA,2.3,0,NA,NA,NA,NA,0,0,NA
United States,2017-06-01,2.19,A,95.81,A,NA,NA,2.19,0,NA,NA,NA,NA,-0.10999999999999988,0,NA
United States,2017-07-01,2.32,A,94.54,A,NA,NA,2.32,0,NA,NA,NA,NA,0.1299999999999999,0,NA
United States,2017-08-01,2.21,A,93.38,A,NA,NA,2.21,0,NA,NA,NA,NA,-0.10999999999999988,0,NA
United States,2017-09-01,2.2,A,92.5,A,NA,NA,2.2,0,NA,NA,NA,NA,-0.009999999999999787,0,NA
United States,2017-10-01,2.36,A,94.21,A,NA,NA,2.36,0,NA,NA,NA,NA,0.1599999999999997,0,NA
United States,2017-11-01,2.35,A,94.41,A,NA,NA,2.35,0,NA,NA,NA,NA,-0.009999999999999787,0,NA
United States,2017-12-01,2.4,A,94.08,A,NA,NA,2.4,0,NA,NA,NA,NA,0.04999999999999982,0,NA
United States,2018-01-01,2.58,A,92,A,NA,NA,2.58,0,0.1499999999999999,0,-8.366533864541836,NA,0.18000000000000016,0,NA
United States,2018-02-01,2.86,A,91.15,A,NA,NA,2.86,0,0.43999999999999995,0,-7.826878349681454,NA,0.2799999999999998,0,NA
United States,2018-03-01,2.84,A,91.39,A,NA,NA,2.84,0,0.3599999999999999,0,-7.14285714285714,NA,-0.020000000000000018,0,NA
United States,2018-04-01,2.87,A,91.35,A,NA,NA,2.87,0,0.5700000000000003,0,-6.442031954117167,NA,0.03000000000000025,0,NA
United States,2018-05-01,2.98,A,93.95,A,NA,NA,2.98,0,0.6800000000000002,0,-3.293875450334538,NA,0.10999999999999988,0,NA
United States,2018-06-01,2.91,A,95.51,A,NA,NA,2.91,0,0.7200000000000002,0,-0.3131197161047927,NA,-0.06999999999999984,0,NA
United States,2018-07-01,2.89,A,95.96,A,NA,NA,2.89,0,0.5700000000000003,0,1.5020097313306335,NA,-0.020000000000000018,0,NA
United States,2018-08-01,2.89,A,96.73,A,NA,NA,2.89,0,0.6800000000000002,0,3.5874919683015705,NA,0,0,NA
United States,2018-09-01,3,A,96.97,A,NA,NA,3,0,0.7999999999999998,0,4.832432432432432,NA,0.10999999999999988,0,NA
United States,2018-10-01,3.15,A,97.61,A,NA,NA,3.15,0,0.79,0,3.608958709266541,NA,0.1499999999999999,0,NA
United States,2018-11-01,3.12,A,98.67,A,NA,NA,3.12,0,0.77,0,4.512233873530347,NA,-0.029999999999999805,0,NA
United States,2018-12-01,2.83,A,98.54,A,NA,NA,2.83,0,0.43000000000000016,0,4.7406462585034115,NA,-0.29000000000000004,0,NA
United States,2019-01-01,2.71,A,97.04,A,NA,NA,2.71,0,0.1299999999999999,0,5.478260869565221,NA,-0.1200000000000001,0,NA
United States,2019-02-01,2.68,A,96.9,A,NA,NA,2.68,0,-0.17999999999999972,0,6.308283049917707,NA,-0.029999999999999805,0,NA
United States,2019-03-01,2.57,A,97.16,A,NA,NA,2.57,0,-0.27,0,6.313601050443141,NA,-0.11000000000000032,0,NA
United States,2019-04-01,2.53,A,97.28,A,NA,NA,2.53,0,-0.3400000000000003,0,6.49151614668857,NA,-0.040000000000000036,0,NA
United States,2019-05-01,2.4,A,98.31,A,NA,NA,2.4,0,-0.5800000000000001,0,4.640766365087812,NA,-0.1299999999999999,0,NA
United States,2019-06-01,2.07,A,97.94,A,NA,NA,2.07,0,-0.8400000000000003,0,2.5442362056329104,NA,-0.33000000000000007,0,NA
United States,2019-07-01,2.06,A,97.54,A,NA,NA,2.06,0,-0.8300000000000001,0,1.6465193830762948,NA,-0.009999999999999787,0,NA
United States,2019-08-01,1.63,A,99.36,A,NA,NA,1.63,0,-1.2600000000000002,0,2.7189083014576676,NA,-0.43000000000000016,0,NA
United States,2019-09-01,1.7,A,99.69,A,NA,NA,1.7,0,-1.3,0,2.8049912344023875,NA,0.07000000000000006,0,NA
United States,2019-10-01,1.71,A,99.21,A,NA,NA,1.71,0,-1.44,0,1.6391763139022686,NA,0.010000000000000009,0,NA
United States,2019-11-01,1.81,A,98.89,A,NA,NA,1.81,0,-1.31,0,0.22296544035673715,NA,0.10000000000000009,0,NA
United States,2019-12-01,1.86,A,98.46,A,NA,NA,1.86,0,-0.97,0,-0.08118530545973002,NA,0.050000000000000044,0,NA
United States,2020-01-01,1.76,A,97.78,A,NA,NA,1.76,0,-0.95,0,0.7625721352019665,NA,-0.10000000000000009,0,NA
United States,2020-02-01,1.5,A,99.01,A,NA,NA,1.5,0,-1.1800000000000002,0,2.1775025799793513,NA,-0.26,0,NA
United States,2020-03-01,0.87,A,102.62,A,NA,NA,0.87,0,-1.6999999999999997,0,5.619596541786742,NA,-0.63,0,NA
United States,2020-04-01,0.66,A,104.97,A,NA,NA,0.66,0,-1.8699999999999997,0,7.905016447368429,NA,-0.20999999999999996,0,NA
United States,2020-05-01,0.67,A,104.26,A,NA,NA,0.67,0,-1.73,0,6.052283592716923,NA,0.010000000000000009,0,NA
United States,2020-06-01,0.73,A,101.87,A,NA,NA,0.73,0,-1.3399999999999999,0,4.012660812742497,NA,0.05999999999999994,0,NA
United States,2020-07-01,0.62,A,101.1,A,NA,NA,0.62,0,-1.44,0,3.6497847037112896,NA,-0.10999999999999999,0,NA
United States,2020-08-01,0.65,A,99.57,A,NA,NA,0.65,0,-0.9799999999999999,0,0.2113526570048263,NA,0.030000000000000027,0,NA
United States,2020-09-01,0.68,A,98.92,A,NA,NA,0.68,0,-1.02,0,-0.7723944227103985,NA,0.030000000000000027,0,NA
United States,2020-10-01,0.79,A,98.33,A,NA,NA,0.79,0,-0.9199999999999999,0,-0.8870073581292215,NA,0.10999999999999999,0,NA
United States,2020-11-01,0.87,A,96.67,A,NA,NA,0.87,0,-0.9400000000000001,0,-2.2449185964202645,NA,0.07999999999999996,0,NA
United States,2020-12-01,0.93,A,94.91,A,NA,NA,0.93,0,-0.93,0,-3.605525086329475,NA,0.06000000000000005,0,NA
United States,2021-01-01,1.08,A,94.48,A,NA,NA,1.08,0,-0.6799999999999999,0,-3.374923297197785,NA,0.15000000000000002,0,NA
United States,2021-02-01,1.26,A,94.86,A,NA,NA,1.26,0,-0.24,0,-4.191495808504198,NA,0.17999999999999994,0,NA
United States,2021-03-01,1.61,A,96.32,A,NA,NA,1.61,0,0.7400000000000001,0,-6.139154160982274,NA,0.3500000000000001,0,NA
United States,2021-04-01,1.64,A,95.72,A,NA,NA,1.64,0,0.9799999999999999,0,-8.812041535676862,NA,0.029999999999999805,0,NA
United States,2021-05-01,1.62,A,94.58,A,NA,NA,1.62,0,0.9500000000000001,0,-9.284481104929988,NA,-0.019999999999999796,0,NA
United States,2021-06-01,1.52,A,94.85,A,NA,NA,1.52,0,0.79,0,-6.8911357612643664,NA,-0.10000000000000009,0,NA
United States,2021-07-01,1.32,A,96.05,A,NA,NA,1.32,0,0.7000000000000001,0,-4.995054401582588,NA,-0.19999999999999996,0,NA
United States,2021-08-01,1.28,A,96.28,A,NA,NA,1.28,0,0.63,0,-3.30420809480767,NA,-0.040000000000000036,0,NA
United States,2021-09-01,1.37,A,96.24,A,NA,NA,1.37,0,0.6900000000000001,0,-2.7092600080873552,NA,0.09000000000000008,0,NA
United States,2021-10-01,1.58,A,96.99,A,NA,NA,1.58,0,0.79,0,-1.3627580595952482,NA,0.20999999999999996,0,NA
United States,2021-11-01,1.56,A,97.81,A,NA,NA,1.56,0,0.6900000000000001,0,1.1792696803558433,NA,-0.020000000000000018,0,NA
United States,2021-12-01,1.47,A,98.5,A,NA,NA,1.47,0,0.5399999999999999,0,3.7825308186703266,NA,-0.09000000000000008,0,NA
United States,2022-01-01,1.76,A,97.94,A,NA,NA,1.76,0,0.6799999999999999,0,3.6621507197290404,NA,0.29000000000000004,0,NA
United States,2022-02-01,1.93,A,97.87,A,NA,NA,1.93,0,0.6699999999999999,0,3.1730971958676024,NA,0.16999999999999993,0,NA
United States,2022-03-01,2.13,A,99.3,A,NA,NA,2.13,0,0.5199999999999998,0,3.0938538205980137,NA,0.19999999999999996,0,NA
United States,2022-04-01,2.75,A,100.04,A,NA,NA,2.75,0,1.11,0,4.513163393230268,NA,0.6200000000000001,0,NA
United States,2022-05-01,2.9,A,102.37,A,NA,NA,2.9,0,1.2799999999999998,0,8.236413618101079,NA,0.1499999999999999,0,NA
United States,2022-06-01,3.14,A,102.81,A,NA,NA,3.14,0,1.62,0,8.392198207696367,NA,0.2400000000000002,0,NA
United States,2022-07-01,2.9,A,105.04,A,NA,NA,2.9,0,1.5799999999999998,0,9.359708485163987,NA,-0.2400000000000002,0,NA
United States,2022-08-01,2.9,A,104.88,A,NA,NA,2.9,0,1.6199999999999999,0,8.932280847528041,NA,0,0,NA
United States,2022-09-01,3.52,A,107.68,A,NA,NA,3.52,0,2.15,0,11.886949293433101,NA,0.6200000000000001,0,NA
United States,2022-10-01,3.98,A,109.55,A,NA,NA,3.98,0,2.4,0,12.949788638003913,NA,0.45999999999999996,0,NA
United States,2022-11-01,3.89,A,106.97,A,NA,NA,3.89,0,2.33,0,9.365095593497585,NA,-0.08999999999999986,0,NA
United States,2022-12-01,3.62,A,104.59,A,NA,NA,3.62,0,2.1500000000000004,0,6.182741116751278,NA,-0.27,0,NA
United States,2023-01-01,3.53,A,102.42,A,NA,NA,3.53,0,1.7699999999999998,0,4.574229119869311,NA,-0.0900000000000003,0,NA
United States,2023-02-01,3.75,A,102.74,A,NA,NA,3.75,0,1.82,0,4.975988556248079,NA,0.2200000000000002,0,NA
United States,2023-03-01,3.66,A,103.25,A,NA,NA,3.66,0,1.5300000000000002,0,3.9778449144008077,NA,-0.08999999999999986,0,NA
United States,2023-04-01,3.46,A,102.12,A,NA,NA,3.46,0,0.71,0,2.0791683326669252,NA,-0.20000000000000018,0,NA
United States,2023-05-01,3.57,A,102.62,A,NA,NA,3.57,0,0.6699999999999999,0,0.24421217153463015,NA,0.10999999999999988,0,NA
United States,2023-06-01,3.75,A,103.04,A,NA,NA,3.75,0,0.6099999999999999,0,0.22371364653244186,NA,0.18000000000000016,0,NA
United States,2023-07-01,3.9,A,102.26,A,NA,NA,3.9,0,1,0,-2.6466108149276524,NA,0.1499999999999999,0,NA
United States,2023-08-01,4.17,A,103.67,A,NA,NA,4.17,0,1.27,0,-1.1536994660564348,NA,0.27,0,NA
United States,2023-09-01,4.38,A,105.14,A,NA,NA,4.38,0,0.8599999999999999,0,-2.3588410104011914,NA,0.20999999999999996,0,NA
United States,2023-10-01,4.8,A,106.65,A,NA,NA,4.8,0,0.8199999999999998,0,-2.647193062528519,NA,0.41999999999999993,0,NA
United States,2023-11-01,4.5,A,104.7,A,NA,NA,4.5,0,0.6099999999999999,0,-2.1220903056931806,NA,-0.2999999999999998,0,NA
United States,2023-12-01,4.02,A,103.3,A,NA,NA,4.02,0,0.39999999999999947,0,-1.2333875131465777,NA,-0.4800000000000004,0,NA
United States,2024-01-01,4.06,A,103.55,A,NA,NA,4.06,0,0.5299999999999998,0,1.1033001366920425,NA,0.040000000000000036,0,NA
United States,2024-02-01,4.21,A,104.31,A,NA,NA,4.21,0,0.45999999999999996,0,1.5281292583219752,NA,0.15000000000000036,0,NA
United States,2024-03-01,4.21,A,104.06,A,NA,NA,4.21,0,0.5499999999999998,0,0.7845036319612531,NA,0,0,NA
United States,2024-04-01,4.54,A,105.21,A,NA,NA,4.54,0,1.08,0,3.0258519388953964,NA,0.33000000000000007,0,NA
United States,2024-05-01,4.48,A,104.98,A,NA,NA,4.48,0,0.9100000000000006,0,2.299746638082234,NA,-0.05999999999999961,0,NA
United States,2024-06-01,4.31,A,106.55,A,NA,NA,4.31,0,0.5599999999999996,0,3.406444099378869,NA,-0.17000000000000082,0,NA
United States,2024-07-01,4.25,A,106.3,A,NA,NA,4.25,0,0.3500000000000001,0,3.950713866614497,NA,-0.05999999999999961,0,NA
United States,2024-08-01,3.87,A,105.42,A,NA,NA,3.87,0,-0.2999999999999998,0,1.6880486158001418,NA,-0.3799999999999999,0,NA
United States,2024-09-01,3.72,A,104.71,A,NA,NA,3.72,0,-0.6599999999999997,0,-0.40897850485067666,NA,-0.1499999999999999,0,NA
United States,2024-10-01,4.1,A,105.99,A,NA,NA,4.1,0,-0.7000000000000002,0,-0.6188466947960714,NA,0.37999999999999945,0,NA
United States,2024-11-01,4.36,A,108.38,A,NA,NA,4.36,0,-0.13999999999999968,0,3.514804202483268,NA,0.2600000000000007,0,NA
United States,2024-12-01,4.39,A,109.44,A,NA,NA,4.39,0,0.3700000000000001,0,5.943852855759912,NA,0.02999999999999936,0,NA
United States,2025-01-01,4.63,A,110.49,A,NA,NA,4.63,0,0.5700000000000003,0,6.7020762916465415,NA,0.2400000000000002,0,NA
United States,2025-02-01,4.45,A,109.67,A,NA,NA,4.45,0,0.2400000000000002,0,5.138529383568202,NA,-0.17999999999999972,0,NA
United States,2025-03-01,4.28,A,108.28,A,NA,NA,4.28,0,0.07000000000000028,0,4.0553526811454965,NA,-0.16999999999999993,0,NA
United States,2025-04-01,4.28,A,106.71,A,NA,NA,4.28,0,-0.2599999999999998,0,1.4257199885942429,NA,0,0,NA
United States,2025-05-01,4.42,A,105.01,A,NA,NA,4.42,0,-0.0600000000000005,0,0.028576871785102043,NA,0.13999999999999968,0,NA
United States,2025-06-01,4.38,A,103.71,A,NA,NA,4.38,0,0.07000000000000028,0,-2.6654152979821766,NA,-0.040000000000000036,0,NA
United States,2025-07-01,4.39,A,103.15,A,NA,NA,4.39,0,0.13999999999999968,0,-2.9633113828786417,NA,0.009999999999999787,0,NA
United States,2025-08-01,4.26,A,103.61,A,NA,NA,4.26,0,0.3899999999999997,0,-1.7169417567823975,NA,-0.1299999999999999,0,NA
United States,2025-09-01,4.12,A,103.05,A,NA,NA,4.12,0,0.3999999999999999,0,-1.5853309139528204,NA,-0.13999999999999968,0,NA
United States,2025-10-01,4.06,A,103.61,A,NA,NA,4.06,0,-0.040000000000000036,0,-2.24549485800547,NA,-0.0600000000000005,0,NA
United States,2025-11-01,4.09,A,104.07,A,NA,NA,4.09,0,-0.27000000000000046,0,-3.9767484775788953,NA,0.03000000000000025,0,NA
United States,2025-12-01,4.14,A,103.04,A,NA,NA,4.14,0,-0.25,0,-5.847953216374258,NA,0.04999999999999982,0,NA
United States,2026-01-01,4.21,A,102.25,A,NA,NA,4.21,0,-0.41999999999999993,0,-7.4576884785953474,NA,0.07000000000000028,0,NA
United States,2026-02-01,4.13,A,101.12,A,NA,NA,4.13,0,-0.3200000000000003,0,-7.796115619586031,NA,-0.08000000000000007,0,NA
United States,2026-03-01,4.25,A,102.77,A,NA,NA,4.25,0,-0.03000000000000025,0,-5.088659032138909,NA,0.1200000000000001,0,NA
United States,2026-04-01,4.32,A,101.97,A,NA,NA,4.32,0,0.040000000000000036,0,-4.441945459657015,NA,0.07000000000000028,0,NA
