DATAFLOW,REF_AREA,FREQ,MEASURE,UNIT_MEASURE,ACTIVITY,ADJUSTMENT,TRANSFORMATION,TIME_HORIZ,METHODOLOGY,TIME_PERIOD,OBS_VALUE,OBS_STATUS,UNIT_MULT,DECIMALS,BASE_PER
OECD.SDD.STES:DSD_STES@DF_FINMARK(4.0),USA,M,IRLT,PA,_Z,_Z,_Z,_Z,N,2017-01,2.43,A,0,2,
OECD.SDD.STES:DSD_STES@DF_FINMARK(4.0),USA,M,IRLT,PA,_Z,_Z,_Z,_Z,N,2017-02,2.42,A,0,2,
OECD.SDD.STES:DSD_STES@DF_FINMARK(4.0),USA,M,IRLT,PA,_Z,_Z,_Z,_Z,N,2017-03,2.48,A,0,2,
OECD.SDD.STES:DSD_STES@DF_FINMARK(4.0),USA,M,IRLT,PA,_Z,_Z,_Z,_Z,N,2017-04,2.3,A,0,2,
OECD.SDD.STES:DSD_STES@DF_FINMARK(4.0),USA,M,IRLT,PA,_Z,_Z,_Z,_Z,N,2017-05,2.3,A,0,2,
OECD.SDD.STES:DSD_STES@DF_FINMARK(4.0),USA,M,IRLT,PA,_Z,_Z,_Z,_Z,N,2017-06,2.19,A,0,2,
OECD.SDD.STES:DSD_STES@DF_FINMARK(4.0),USA,M,IRLT,PA,_Z,_Z,_Z,_Z,N,2017-07,2.32,A,0,2,
OECD.SDD.STES:DSD_STES@DF_FINMARK(4.0),USA,M,IRLT,PA,_Z,_Z,_Z,_Z,N,2017-08,2.21,A,0,2,
OECD.SDD.STES:DSD_STES@DF_FINMARK(4.0),USA,M,IRLT,PA,_Z,_Z,_Z,_Z,N,2017-09,2.2,A,0,2,
OECD.SDD.STES:DSD_STES@DF_FINMARK(4.0),USA,M,IRLT,PA,_Z,_Z,_Z,_Z,N,2017-10,2.36,A,0,2,
OECD.SDD.STES:DSD_STES@DF_FINMARK(4.0),USA,M,IRLT,PA,_Z,_Z,_Z,_Z,N,2017-11,2.35,A,0,2,
OECD.SDD.STES:DSD_STES@DF_FINMARK(4.0),USA,M,IRLT,PA,_Z,_Z,_Z,_Z,N,2017-12,2.4,A,0,2,
OECD.SDD.STES:DSD_STES@DF_FINMARK(4.0),USA,M,IRLT,PA,_Z,_Z,_Z,_Z,N,2018-01,2.58,A,0,2,
OECD.SDD.STES:DSD_STES@DF_FINMARK(4.0),USA,M,IRLT,PA,_Z,_Z,_Z,_Z,N,2018-02,2.86,A,0,2,
OECD.SDD.STES:DSD_STES@DF_FINMARK(4.0),USA,M,IRLT,PA,_Z,_Z,_Z,_Z,N,2018-03,2.84,A,0,2,
OECD.SDD.STES:DSD_STES@DF_FINMARK(4.0),USA,M,IRLT,PA,_Z,_Z,_Z,_Z,N,2018-04,2.87,A,0,2,
OECD.SDD.STES:DSD_STES@DF_FINMARK(4.0),USA,M,IRLT,PA,_Z,_Z,_Z,_Z,N,2018-05,2.98,A,0,2,
OECD.SDD.STES:DSD_STES@DF_FINMARK(4.0),USA,M,IRLT,PA,_Z,_Z,_Z,_Z,N,2018-06,2.91,A,0,2,
OECD.SDD.STES:DSD_STES@DF_FINMARK(4.0),USA,M,IRLT,PA,_Z,_Z,_Z,_Z,N,2018-07,2.89,A,0,2,
OECD.SDD.STES:DSD_STES@DF_FINMARK(4.0),USA,M,IRLT,PA,_Z,_Z,_Z,_Z,N,2018-08,2.89,A,0,2,
OECD.SDD.STES:DSD_STES@DF_FINMARK(4.0),USA,M,IRLT,PA,_Z,_Z,_Z,_Z,N,2018-09,3,A,0,2,
OECD.SDD.STES:DSD_STES@DF_FINMARK(4.0),USA,M,IRLT,PA,_Z,_Z,_Z,_Z,N,2018-10,3.15,A,0,2,
OECD.SDD.STES:DSD_STES@DF_FINMARK(4.0),USA,M,IRLT,PA,_Z,_Z,_Z,_Z,N,2018-11,3.12,A,0,2,
OECD.SDD.STES:DSD_STES@DF_FINMARK(4.0),USA,M,IRLT,PA,_Z,_Z,_Z,_Z,N,2018-12,2.83,A,0,2,
OECD.SDD.STES:DSD_STES@DF_FINMARK(4.0),USA,M,IRLT,PA,_Z,_Z,_Z,_Z,N,2019-01,2.71,A,0,2,
OECD.SDD.STES:DSD_STES@DF_FINMARK(4.0),USA,M,IRLT,PA,_Z,_Z,_Z,_Z,N,2019-02,2.68,A,0,2,
OECD.SDD.STES:DSD_STES@DF_FINMARK(4.0),USA,M,IRLT,PA,_Z,_Z,_Z,_Z,N,2019-03,2.57,A,0,2,
OECD.SDD.STES:DSD_STES@DF_FINMARK(4.0),USA,M,IRLT,PA,_Z,_Z,_Z,_Z,N,2019-04,2.53,A,0,2,
OECD.SDD.STES:DSD_STES@DF_FINMARK(4.0),USA,M,IRLT,PA,_Z,_Z,_Z,_Z,N,2019-05,2.4,A,0,2,
OECD.SDD.STES:DSD_STES@DF_FINMARK(4.0),USA,M,IRLT,PA,_Z,_Z,_Z,_Z,N,2019-06,2.07,A,0,2,
OECD.SDD.STES:DSD_STES@DF_FINMARK(4.0),USA,M,IRLT,PA,_Z,_Z,_Z,_Z,N,2019-07,2.06,A,0,2,
OECD.SDD.STES:DSD_STES@DF_FINMARK(4.0),USA,M,IRLT,PA,_Z,_Z,_Z,_Z,N,2019-08,1.63,A,0,2,
OECD.SDD.STES:DSD_STES@DF_FINMARK(4.0),USA,M,IRLT,PA,_Z,_Z,_Z,_Z,N,2019-09,1.7,A,0,2,
OECD.SDD.STES:DSD_STES@DF_FINMARK(4.0),USA,M,IRLT,PA,_Z,_Z,_Z,_Z,N,2019-10,1.71,A,0,2,
OECD.SDD.STES:DSD_STES@DF_FINMARK(4.0),USA,M,IRLT,PA,_Z,_Z,_Z,_Z,N,2019-11,1.81,A,0,2,
OECD.SDD.STES:DSD_STES@DF_FINMARK(4.0),USA,M,IRLT,PA,_Z,_Z,_Z,_Z,N,2019-12,1.86,A,0,2,
OECD.SDD.STES:DSD_STES@DF_FINMARK(4.0),USA,M,IRLT,PA,_Z,_Z,_Z,_Z,N,2020-01,1.76,A,0,2,
OECD.SDD.STES:DSD_STES@DF_FINMARK(4.0),USA,M,IRLT,PA,_Z,_Z,_Z,_Z,N,2020-02,1.5,A,0,2,
OECD.SDD.STES:DSD_STES@DF_FINMARK(4.0),USA,M,IRLT,PA,_Z,_Z,_Z,_Z,N,2020-03,0.87,A,0,2,
OECD.SDD.STES:DSD_STES@DF_FINMARK(4.0),USA,M,IRLT,PA,_Z,_Z,_Z,_Z,N,2020-04,0.66,A,0,2,
OECD.SDD.STES:DSD_STES@DF_FINMARK(4.0),USA,M,IRLT,PA,_Z,_Z,_Z,_Z,N,2020-05,0.67,A,0,2,
OECD.SDD.STES:DSD_STES@DF_FINMARK(4.0),USA,M,IRLT,PA,_Z,_Z,_Z,_Z,N,2020-06,0.73,A,0,2,
OECD.SDD.STES:DSD_STES@DF_FINMARK(4.0),USA,M,IRLT,PA,_Z,_Z,_Z,_Z,N,2020-07,0.62,A,0,2,
OECD.SDD.STES:DSD_STES@DF_FINMARK(4.0),USA,M,IRLT,PA,_Z,_Z,_Z,_Z,N,2020-08,0.65,A,0,2,
OECD.SDD.STES:DSD_STES@DF_FINMARK(4.0),USA,M,IRLT,PA,_Z,_Z,_Z,_Z,N,2020-09,0.68,A,0,2,
OECD.SDD.STES:DSD_STES@DF_FINMARK(4.0),USA,M,IRLT,PA,_Z,_Z,_Z,_Z,N,2020-10,0.79,A,0,2,
OECD.SDD.STES:DSD_STES@DF_FINMARK(4.0),USA,M,IRLT,PA,_Z,_Z,_Z,_Z,N,2020-11,0.87,A,0,2,
OECD.SDD.STES:DSD_STES@DF_FINMARK(4.0),USA,M,IRLT,PA,_Z,_Z,_Z,_Z,N,2020-12,0.93,A,0,2,
OECD.SDD.STES:DSD_STES@DF_FINMARK(4.0),USA,M,IRLT,PA,_Z,_Z,_Z,_Z,N,2021-01,1.08,A,0,2,
OECD.SDD.STES:DSD_STES@DF_FINMARK(4.0),USA,M,IRLT,PA,_Z,_Z,_Z,_Z,N,2021-02,1.26,A,0,2,
OECD.SDD.STES:DSD_STES@DF_FINMARK(4.0),USA,M,IRLT,PA,_Z,_Z,_Z,_Z,N,2021-03,1.61,A,0,2,
OECD.SDD.STES:DSD_STES@DF_FINMARK(4.0),USA,M,IRLT,PA,_Z,_Z,_Z,_Z,N,2021-04,1.64,A,0,2,
OECD.SDD.STES:DSD_STES@DF_FINMARK(4.0),USA,M,IRLT,PA,_Z,_Z,_Z,_Z,N,2021-05,1.62,A,0,2,
OECD.SDD.STES:DSD_STES@DF_FINMARK(4.0),USA,M,IRLT,PA,_Z,_Z,_Z,_Z,N,2021-06,1.52,A,0,2,
OECD.SDD.STES:DSD_STES@DF_FINMARK(4.0),USA,M,IRLT,PA,_Z,_Z,_Z,_Z,N,2021-07,1.32,A,0,2,
OECD.SDD.STES:DSD_STES@DF_FINMARK(4.0),USA,M,IRLT,PA,_Z,_Z,_Z,_Z,N,2021-08,1.28,A,0,2,
OECD.SDD.STES:DSD_STES@DF_FINMARK(4.0),USA,M,IRLT,PA,_Z,_Z,_Z,_Z,N,2021-09,1.37,A,0,2,
OECD.SDD.STES:DSD_STES@DF_FINMARK(4.0),USA,M,IRLT,PA,_Z,_Z,_Z,_Z,N,2021-10,1.58,A,0,2,
OECD.SDD.STES:DSD_STES@DF_FINMARK(4.0),USA,M,IRLT,PA,_Z,_Z,_Z,_Z,N,2021-11,1.56,A,0,2,
OECD.SDD.STES:DSD_STES@DF_FINMARK(4.0),USA,M,IRLT,PA,_Z,_Z,_Z,_Z,N,2021-12,1.47,A,0,2,
OECD.SDD.STES:DSD_STES@DF_FINMARK(4.0),USA,M,IRLT,PA,_Z,_Z,_Z,_Z,N,2022-01,1.76,A,0,2,
OECD.SDD.STES:DSD_STES@DF_FINMARK(4.0),USA,M,IRLT,PA,_Z,_Z,_Z,_Z,N,2022-02,1.93,A,0,2,
OECD.SDD.STES:DSD_STES@DF_FINMARK(4.0),USA,M,IRLT,PA,_Z,_Z,_Z,_Z,N,2022-03,2.13,A,0,2,
OECD.SDD.STES:DSD_STES@DF_FINMARK(4.0),USA,M,IRLT,PA,_Z,_Z,_Z,_Z,N,2022-04,2.75,A,0,2,
OECD.SDD.STES:DSD_STES@DF_FINMARK(4.0),USA,M,IRLT,PA,_Z,_Z,_Z,_Z,N,2022-05,2.9,A,0,2,
OECD.SDD.STES:DSD_STES@DF_FINMARK(4.0),USA,M,IRLT,PA,_Z,_Z,_Z,_Z,N,2022-06,3.14,A,0,2,
OECD.SDD.STES:DSD_STES@DF_FINMARK(4.0),USA,M,IRLT,PA,_Z,_Z,_Z,_Z,N,2022-07,2.9,A,0,2,
OECD.SDD.STES:DSD_STES@DF_FINMARK(4.0),USA,M,IRLT,PA,_Z,_Z,_Z,_Z,N,2022-08,2.9,A,0,2,
OECD.SDD.STES:DSD_STES@DF_FINMARK(4.0),USA,M,IRLT,PA,_Z,_Z,_Z,_Z,N,2022-09,3.52,A,0,2,
OECD.SDD.STES:DSD_STES@DF_FINMARK(4.0),USA,M,IRLT,PA,_Z,_Z,_Z,_Z,N,2022-10,3.98,A,0,2,
OECD.SDD.STES:DSD_STES@DF_FINMARK(4.0),USA,M,IRLT,PA,_Z,_Z,_Z,_Z,N,2022-11,3.89,A,0,2,
OECD.SDD.STES:DSD_STES@DF_FINMARK(4.0),USA,M,IRLT,PA,_Z,_Z,_Z,_Z,N,2022-12,3.62,A,0,2,
OECD.SDD.STES:DSD_STES@DF_FINMARK(4.0),USA,M,IRLT,PA,_Z,_Z,_Z,_Z,N,2023-01,3.53,A,0,2,
OECD.SDD.STES:DSD_STES@DF_FINMARK(4.0),USA,M,IRLT,PA,_Z,_Z,_Z,_Z,N,2023-02,3.75,A,0,2,
OECD.SDD.STES:DSD_STES@DF_FINMARK(4.0),USA,M,IRLT,PA,_Z,_Z,_Z,_Z,N,2023-03,3.66,A,0,2,
OECD.SDD.STES:DSD_STES@DF_FINMARK(4.0),USA,M,IRLT,PA,_Z,_Z,_Z,_Z,N,2023-04,3.46,A,0,2,
OECD.SDD.STES:DSD_STES@DF_FINMARK(4.0),USA,M,IRLT,PA,_Z,_Z,_Z,_Z,N,2023-05,3.57,A,0,2,
OECD.SDD.STES:DSD_STES@DF_FINMARK(4.0),USA,M,IRLT,PA,_Z,_Z,_Z,_Z,N,2023-06,3.75,A,0,2,
OECD.SDD.STES:DSD_STES@DF_FINMARK(4.0),USA,M,IRLT,PA,_Z,_Z,_Z,_Z,N,2023-07,3.9,A,0,2,
OECD.SDD.STES:DSD_STES@DF_FINMARK(4.0),USA,M,IRLT,PA,_Z,_Z,_Z,_Z,N,2023-08,4.17,A,0,2,
OECD.SDD.STES:DSD_STES@DF_FINMARK(4.0),USA,M,IRLT,PA,_Z,_Z,_Z,_Z,N,2023-09,4.38,A,0,2,
OECD.SDD.STES:DSD_STES@DF_FINMARK(4.0),USA,M,IRLT,PA,_Z,_Z,_Z,_Z,N,2023-10,4.8,A,0,2,
OECD.SDD.STES:DSD_STES@DF_FINMARK(4.0),USA,M,IRLT,PA,_Z,_Z,_Z,_Z,N,2023-11,4.5,A,0,2,
OECD.SDD.STES:DSD_STES@DF_FINMARK(4.0),USA,M,IRLT,PA,_Z,_Z,_Z,_Z,N,2023-12,4.02,A,0,2,
OECD.SDD.STES:DSD_STES@DF_FINMARK(4.0),USA,M,IRLT,PA,_Z,_Z,_Z,_Z,N,2024-01,4.06,A,0,2,
OECD.SDD.STES:DSD_STES@DF_FINMARK(4.0),USA,M,IRLT,PA,_Z,_Z,_Z,_Z,N,2024-02,4.21,A,0,2,
OECD.SDD.STES:DSD_STES@DF_FINMARK(4.0),USA,M,IRLT,PA,_Z,_Z,_Z,_Z,N,2024-03,4.21,A,0,2,
OECD.SDD.STES:DSD_STES@DF_FINMARK(4.0),USA,M,IRLT,PA,_Z,_Z,_Z,_Z,N,2024-04,4.54,A,0,2,
OECD.SDD.STES:DSD_STES@DF_FINMARK(4.0),USA,M,IRLT,PA,_Z,_Z,_Z,_Z,N,2024-05,4.48,A,0,2,
OECD.SDD.STES:DSD_STES@DF_FINMARK(4.0),USA,M,IRLT,PA,_Z,_Z,_Z,_Z,N,2024-06,4.31,A,0,2,
OECD.SDD.STES:DSD_STES@DF_FINMARK(4.0),USA,M,IRLT,PA,_Z,_Z,_Z,_Z,N,2024-07,4.25,A,0,2,
OECD.SDD.STES:DSD_STES@DF_FINMARK(4.0),USA,M,IRLT,PA,_Z,_Z,_Z,_Z,N,2024-08,3.87,A,0,2,
OECD.SDD.STES:DSD_STES@DF_FINMARK(4.0),USA,M,IRLT,PA,_Z,_Z,_Z,_Z,N,2024-09,3.72,A,0,2,
OECD.SDD.STES:DSD_STES@DF_FINMARK(4.0),USA,M,IRLT,PA,_Z,_Z,_Z,_Z,N,2024-10,4.1,A,0,2,
OECD.SDD.STES:DSD_STES@DF_FINMARK(4.0),USA,M,IRLT,PA,_Z,_Z,_Z,_Z,N,2024-11,4.36,A,0,2,
OECD.SDD.STES:DSD_STES@DF_FINMARK(4.0),USA,M,IRLT,PA,_Z,_Z,_Z,_Z,N,2024-12,4.39,A,0,2,
OECD.SDD.STES:DSD_STES@DF_FINMARK(4.0),USA,M,IRLT,PA,_Z,_Z,_Z,_Z,N,2025-01,4.63,A,0,2,
OECD.SDD.STES:DSD_STES@DF_FINMARK(4.0),USA,M,IRLT,PA,_Z,_Z,_Z,_Z,N,2025-02,4.45,A,0,2,
OECD.SDD.STES:DSD_STES@DF_FINMARK(4.0),USA,M,IRLT,PA,_Z,_Z,_Z,_Z,N,2025-03,4.28,A,0,2,
OECD.SDD.STES:DSD_STES@DF_FINMARK(4.0),USA,M,IRLT,PA,_Z,_Z,_Z,_Z,N,2025-04,4.28,A,0,2,
OECD.SDD.STES:DSD_STES@DF_FINMARK(4.0),USA,M,IRLT,PA,_Z,_Z,_Z,_Z,N,2025-05,4.42,A,0,2,
OECD.SDD.STES:DSD_STES@DF_FINMARK(4.0),USA,M,IRLT,PA,_Z,_Z,_Z,_Z,N,2025-06,4.38,A,0,2,
OECD.SDD.STES:DSD_STES@DF_FINMARK(4.0),USA,M,IRLT,PA,_Z,_Z,_Z,_Z,N,2025-07,4.39,A,0,2,
OECD.SDD.STES:DSD_STES@DF_FINMARK(4.0),USA,M,IRLT,PA,_Z,_Z,_Z,_Z,N,2025-08,4.26,A,0,2,
OECD.SDD.STES:DSD_STES@DF_FINMARK(4.0),USA,M,IRLT,PA,_Z,_Z,_Z,_Z,N,2025-09,4.12,A,0,2,
OECD.SDD.STES:DSD_STES@DF_FINMARK(4.0),USA,M,IRLT,PA,_Z,_Z,_Z,_Z,N,2025-10,4.06,A,0,2,
OECD.SDD.STES:DSD_STES@DF_FINMARK(4.0),USA,M,IRLT,PA,_Z,_Z,_Z,_Z,N,2025-11,4.09,A,0,2,
OECD.SDD.STES:DSD_STES@DF_FINMARK(4.0),USA,M,IRLT,PA,_Z,_Z,_Z,_Z,N,2025-12,4.14,A,0,2,
OECD.SDD.STES:DSD_STES@DF_FINMARK(4.0),USA,M,IRLT,PA,_Z,_Z,_Z,_Z,N,2026-01,4.21,A,0,2,
OECD.SDD.STES:DSD_STES@DF_FINMARK(4.0),USA,M,IRLT,PA,_Z,_Z,_Z,_Z,N,2026-02,4.13,A,0,2,
OECD.SDD.STES:DSD_STES@DF_FINMARK(4.0),USA,M,IRLT,PA,_Z,_Z,_Z,_Z,N,2026-03,4.25,A,0,2,
OECD.SDD.STES:DSD_STES@DF_FINMARK(4.0),USA,M,IRLT,PA,_Z,_Z,_Z,_Z,N,2026-04,4.32,A,0,2,
OECD.SDD.STES:DSD_STES@DF_FINMARK(4.0),CHE,M,IRLT,PA,_Z,_Z,_Z,_Z,N,2017-01,-0.072,A,0,2,
OECD.SDD.STES:DSD_STES@DF_FINMARK(4.0),CHE,M,IRLT,PA,_Z,_Z,_Z,_Z,N,2017-02,-0.213,A,0,2,
OECD.SDD.STES:DSD_STES@DF_FINMARK(4.0),CHE,M,IRLT,PA,_Z,_Z,_Z,_Z,N,2017-03,-0.1,A,0,2,
OECD.SDD.STES:DSD_STES@DF_FINMARK(4.0),CHE,M,IRLT,PA,_Z,_Z,_Z,_Z,N,2017-04,-0.096,A,0,2,
OECD.SDD.STES:DSD_STES@DF_FINMARK(4.0),CHE,M,IRLT,PA,_Z,_Z,_Z,_Z,N,2017-05,-0.145,A,0,2,
OECD.SDD.STES:DSD_STES@DF_FINMARK(4.0),CHE,M,IRLT,PA,_Z,_Z,_Z,_Z,N,2017-06,-0.025,A,0,2,
OECD.SDD.STES:DSD_STES@DF_FINMARK(4.0),CHE,M,IRLT,PA,_Z,_Z,_Z,_Z,N,2017-07,0.06,A,0,2,
OECD.SDD.STES:DSD_STES@DF_FINMARK(4.0),CHE,M,IRLT,PA,_Z,_Z,_Z,_Z,N,2017-08,-0.114,A,0,2,
OECD.SDD.STES:DSD_STES@DF_FINMARK(4.0),CHE,M,IRLT,PA,_Z,_Z,_Z,_Z,N,2017-09,0.017,A,0,2,
OECD.SDD.STES:DSD_STES@DF_FINMARK(4.0),CHE,M,IRLT,PA,_Z,_Z,_Z,_Z,N,2017-10,-0.029,A,0,2,
OECD.SDD.STES:DSD_STES@DF_FINMARK(4.0),CHE,M,IRLT,PA,_Z,_Z,_Z,_Z,N,2017-11,-0.053,A,0,2,
OECD.SDD.STES:DSD_STES@DF_FINMARK(4.0),CHE,M,IRLT,PA,_Z,_Z,_Z,_Z,N,2017-12,-0.095,A,0,2,
OECD.SDD.STES:DSD_STES@DF_FINMARK(4.0),CHE,M,IRLT,PA,_Z,_Z,_Z,_Z,N,2018-01,0.103,A,0,2,
OECD.SDD.STES:DSD_STES@DF_FINMARK(4.0),CHE,M,IRLT,PA,_Z,_Z,_Z,_Z,N,2018-02,0.116,A,0,2,
OECD.SDD.STES:DSD_STES@DF_FINMARK(4.0),CHE,M,IRLT,PA,_Z,_Z,_Z,_Z,N,2018-03,0.054,A,0,2,
OECD.SDD.STES:DSD_STES@DF_FINMARK(4.0),CHE,M,IRLT,PA,_Z,_Z,_Z,_Z,N,2018-04,0.12,A,0,2,
OECD.SDD.STES:DSD_STES@DF_FINMARK(4.0),CHE,M,IRLT,PA,_Z,_Z,_Z,_Z,N,2018-05,-0.008,A,0,2,
OECD.SDD.STES:DSD_STES@DF_FINMARK(4.0),CHE,M,IRLT,PA,_Z,_Z,_Z,_Z,N,2018-06,-0.012,A,0,2,
OECD.SDD.STES:DSD_STES@DF_FINMARK(4.0),CHE,M,IRLT,PA,_Z,_Z,_Z,_Z,N,2018-07,0.042,A,0,2,
OECD.SDD.STES:DSD_STES@DF_FINMARK(4.0),CHE,M,IRLT,PA,_Z,_Z,_Z,_Z,N,2018-08,-0.032,A,0,2,
OECD.SDD.STES:DSD_STES@DF_FINMARK(4.0),CHE,M,IRLT,PA,_Z,_Z,_Z,_Z,N,2018-09,0.113,A,0,2,
OECD.SDD.STES:DSD_STES@DF_FINMARK(4.0),CHE,M,IRLT,PA,_Z,_Z,_Z,_Z,N,2018-10,0.071,A,0,2,
OECD.SDD.STES:DSD_STES@DF_FINMARK(4.0),CHE,M,IRLT,PA,_Z,_Z,_Z,_Z,N,2018-11,-0.015,A,0,2,
OECD.SDD.STES:DSD_STES@DF_FINMARK(4.0),CHE,M,IRLT,PA,_Z,_Z,_Z,_Z,N,2018-12,-0.154,A,0,2,
OECD.SDD.STES:DSD_STES@DF_FINMARK(4.0),CHE,M,IRLT,PA,_Z,_Z,_Z,_Z,N,2019-01,-0.21,A,0,2,
OECD.SDD.STES:DSD_STES@DF_FINMARK(4.0),CHE,M,IRLT,PA,_Z,_Z,_Z,_Z,N,2019-02,-0.236,A,0,2,
OECD.SDD.STES:DSD_STES@DF_FINMARK(4.0),CHE,M,IRLT,PA,_Z,_Z,_Z,_Z,N,2019-03,-0.352,A,0,2,
OECD.SDD.STES:DSD_STES@DF_FINMARK(4.0),CHE,M,IRLT,PA,_Z,_Z,_Z,_Z,N,2019-04,-0.267,A,0,2,
OECD.SDD.STES:DSD_STES@DF_FINMARK(4.0),CHE,M,IRLT,PA,_Z,_Z,_Z,_Z,N,2019-05,-0.445,A,0,2,
OECD.SDD.STES:DSD_STES@DF_FINMARK(4.0),CHE,M,IRLT,PA,_Z,_Z,_Z,_Z,N,2019-06,-0.482,A,0,2,
OECD.SDD.STES:DSD_STES@DF_FINMARK(4.0),CHE,M,IRLT,PA,_Z,_Z,_Z,_Z,N,2019-07,-0.654,A,0,2,
OECD.SDD.STES:DSD_STES@DF_FINMARK(4.0),CHE,M,IRLT,PA,_Z,_Z,_Z,_Z,N,2019-08,-0.975,A,0,2,
OECD.SDD.STES:DSD_STES@DF_FINMARK(4.0),CHE,M,IRLT,PA,_Z,_Z,_Z,_Z,N,2019-09,-0.7,A,0,2,
OECD.SDD.STES:DSD_STES@DF_FINMARK(4.0),CHE,M,IRLT,PA,_Z,_Z,_Z,_Z,N,2019-10,-0.511,A,0,2,
OECD.SDD.STES:DSD_STES@DF_FINMARK(4.0),CHE,M,IRLT,PA,_Z,_Z,_Z,_Z,N,2019-11,-0.58,A,0,2,
OECD.SDD.STES:DSD_STES@DF_FINMARK(4.0),CHE,M,IRLT,PA,_Z,_Z,_Z,_Z,N,2019-12,-0.456,A,0,2,
OECD.SDD.STES:DSD_STES@DF_FINMARK(4.0),CHE,M,IRLT,PA,_Z,_Z,_Z,_Z,N,2020-01,-0.698,A,0,2,
OECD.SDD.STES:DSD_STES@DF_FINMARK(4.0),CHE,M,IRLT,PA,_Z,_Z,_Z,_Z,N,2020-02,-0.832,A,0,2,
OECD.SDD.STES:DSD_STES@DF_FINMARK(4.0),CHE,M,IRLT,PA,_Z,_Z,_Z,_Z,N,2020-03,-0.368,A,0,2,
OECD.SDD.STES:DSD_STES@DF_FINMARK(4.0),CHE,M,IRLT,PA,_Z,_Z,_Z,_Z,N,2020-04,-0.487,A,0,2,
OECD.SDD.STES:DSD_STES@DF_FINMARK(4.0),CHE,M,IRLT,PA,_Z,_Z,_Z,_Z,N,2020-05,-0.471,A,0,2,
OECD.SDD.STES:DSD_STES@DF_FINMARK(4.0),CHE,M,IRLT,PA,_Z,_Z,_Z,_Z,N,2020-06,-0.439,A,0,2,
OECD.SDD.STES:DSD_STES@DF_FINMARK(4.0),CHE,M,IRLT,PA,_Z,_Z,_Z,_Z,N,2020-07,-0.529,A,0,2,
OECD.SDD.STES:DSD_STES@DF_FINMARK(4.0),CHE,M,IRLT,PA,_Z,_Z,_Z,_Z,N,2020-08,-0.41,A,0,2,
OECD.SDD.STES:DSD_STES@DF_FINMARK(4.0),CHE,M,IRLT,PA,_Z,_Z,_Z,_Z,N,2020-09,-0.5,A,0,2,
OECD.SDD.STES:DSD_STES@DF_FINMARK(4.0),CHE,M,IRLT,PA,_Z,_Z,_Z,_Z,N,2020-10,-0.518,A,0,2,
OECD.SDD.STES:DSD_STES@DF_FINMARK(4.0),CHE,M,IRLT,PA,_Z,_Z,_Z,_Z,N,2020-11,-0.509,A,0,2,
OECD.SDD.STES:DSD_STES@DF_FINMARK(4.0),CHE,M,IRLT,PA,_Z,_Z,_Z,_Z,N,2020-12,-0.525,A,0,2,
OECD.SDD.STES:DSD_STES@DF_FINMARK(4.0),CHE,M,IRLT,PA,_Z,_Z,_Z,_Z,N,2021-01,-0.454,A,0,2,
OECD.SDD.STES:DSD_STES@DF_FINMARK(4.0),CHE,M,IRLT,PA,_Z,_Z,_Z,_Z,N,2021-02,-0.229,A,0,2,
OECD.SDD.STES:DSD_STES@DF_FINMARK(4.0),CHE,M,IRLT,PA,_Z,_Z,_Z,_Z,N,2021-03,-0.267,A,0,2,
OECD.SDD.STES:DSD_STES@DF_FINMARK(4.0),CHE,M,IRLT,PA,_Z,_Z,_Z,_Z,N,2021-04,-0.21,A,0,2,
OECD.SDD.STES:DSD_STES@DF_FINMARK(4.0),CHE,M,IRLT,PA,_Z,_Z,_Z,_Z,N,2021-05,-0.134,A,0,2,
OECD.SDD.STES:DSD_STES@DF_FINMARK(4.0),CHE,M,IRLT,PA,_Z,_Z,_Z,_Z,N,2021-06,-0.2,A,0,2,
OECD.SDD.STES:DSD_STES@DF_FINMARK(4.0),CHE,M,IRLT,PA,_Z,_Z,_Z,_Z,N,2021-07,-0.373,A,0,2,
OECD.SDD.STES:DSD_STES@DF_FINMARK(4.0),CHE,M,IRLT,PA,_Z,_Z,_Z,_Z,N,2021-08,-0.347,A,0,2,
OECD.SDD.STES:DSD_STES@DF_FINMARK(4.0),CHE,M,IRLT,PA,_Z,_Z,_Z,_Z,N,2021-09,-0.166,A,0,2,
OECD.SDD.STES:DSD_STES@DF_FINMARK(4.0),CHE,M,IRLT,PA,_Z,_Z,_Z,_Z,N,2021-10,-0.046,A,0,2,
OECD.SDD.STES:DSD_STES@DF_FINMARK(4.0),CHE,M,IRLT,PA,_Z,_Z,_Z,_Z,N,2021-11,-0.234,A,0,2,
OECD.SDD.STES:DSD_STES@DF_FINMARK(4.0),CHE,M,IRLT,PA,_Z,_Z,_Z,_Z,N,2021-12,-0.127,A,0,2,
OECD.SDD.STES:DSD_STES@DF_FINMARK(4.0),CHE,M,IRLT,PA,_Z,_Z,_Z,_Z,N,2022-01,0.045,A,0,2,
OECD.SDD.STES:DSD_STES@DF_FINMARK(4.0),CHE,M,IRLT,PA,_Z,_Z,_Z,_Z,N,2022-02,0.263,A,0,2,
OECD.SDD.STES:DSD_STES@DF_FINMARK(4.0),CHE,M,IRLT,PA,_Z,_Z,_Z,_Z,N,2022-03,0.677,A,0,2,
OECD.SDD.STES:DSD_STES@DF_FINMARK(4.0),CHE,M,IRLT,PA,_Z,_Z,_Z,_Z,N,2022-04,0.824,A,0,2,
OECD.SDD.STES:DSD_STES@DF_FINMARK(4.0),CHE,M,IRLT,PA,_Z,_Z,_Z,_Z,N,2022-05,0.779,A,0,2,
OECD.SDD.STES:DSD_STES@DF_FINMARK(4.0),CHE,M,IRLT,PA,_Z,_Z,_Z,_Z,N,2022-06,1.149,A,0,2,
OECD.SDD.STES:DSD_STES@DF_FINMARK(4.0),CHE,M,IRLT,PA,_Z,_Z,_Z,_Z,N,2022-07,0.52,A,0,2,
OECD.SDD.STES:DSD_STES@DF_FINMARK(4.0),CHE,M,IRLT,PA,_Z,_Z,_Z,_Z,N,2022-08,0.786,A,0,2,
OECD.SDD.STES:DSD_STES@DF_FINMARK(4.0),CHE,M,IRLT,PA,_Z,_Z,_Z,_Z,N,2022-09,1.163,A,0,2,
OECD.SDD.STES:DSD_STES@DF_FINMARK(4.0),CHE,M,IRLT,PA,_Z,_Z,_Z,_Z,N,2022-10,1.12,A,0,2,
OECD.SDD.STES:DSD_STES@DF_FINMARK(4.0),CHE,M,IRLT,PA,_Z,_Z,_Z,_Z,N,2022-11,1.055,A,0,2,
OECD.SDD.STES:DSD_STES@DF_FINMARK(4.0),CHE,M,IRLT,PA,_Z,_Z,_Z,_Z,N,2022-12,1.565,A,0,2,
OECD.SDD.STES:DSD_STES@DF_FINMARK(4.0),CHE,M,IRLT,PA,_Z,_Z,_Z,_Z,N,2023-01,1.257,A,0,2,
OECD.SDD.STES:DSD_STES@DF_FINMARK(4.0),CHE,M,IRLT,PA,_Z,_Z,_Z,_Z,N,2023-02,1.446,A,0,2,
OECD.SDD.STES:DSD_STES@DF_FINMARK(4.0),CHE,M,IRLT,PA,_Z,_Z,_Z,_Z,N,2023-03,1.227,A,0,2,
OECD.SDD.STES:DSD_STES@DF_FINMARK(4.0),CHE,M,IRLT,PA,_Z,_Z,_Z,_Z,N,2023-04,1.08,A,0,2,
OECD.SDD.STES:DSD_STES@DF_FINMARK(4.0),CHE,M,IRLT,PA,_Z,_Z,_Z,_Z,N,2023-05,0.848,A,0,2,
OECD.SDD.STES:DSD_STES@DF_FINMARK(4.0),CHE,M,IRLT,PA,_Z,_Z,_Z,_Z,N,2023-06,0.966,A,0,2,
OECD.SDD.STES:DSD_STES@DF_FINMARK(4.0),CHE,M,IRLT,PA,_Z,_Z,_Z,_Z,N,2023-07,0.979,A,0,2,
OECD.SDD.STES:DSD_STES@DF_FINMARK(4.0),CHE,M,IRLT,PA,_Z,_Z,_Z,_Z,N,2023-08,0.952,A,0,2,
OECD.SDD.STES:DSD_STES@DF_FINMARK(4.0),CHE,M,IRLT,PA,_Z,_Z,_Z,_Z,N,2023-09,1.087,A,0,2,
OECD.SDD.STES:DSD_STES@DF_FINMARK(4.0),CHE,M,IRLT,PA,_Z,_Z,_Z,_Z,N,2023-10,1.046,A,0,2,
OECD.SDD.STES:DSD_STES@DF_FINMARK(4.0),CHE,M,IRLT,PA,_Z,_Z,_Z,_Z,N,2023-11,0.822,A,0,2,
OECD.SDD.STES:DSD_STES@DF_FINMARK(4.0),CHE,M,IRLT,PA,_Z,_Z,_Z,_Z,N,2023-12,0.656,A,0,2,
OECD.SDD.STES:DSD_STES@DF_FINMARK(4.0),CHE,M,IRLT,PA,_Z,_Z,_Z,_Z,N,2024-01,0.83,A,0,2,
OECD.SDD.STES:DSD_STES@DF_FINMARK(4.0),CHE,M,IRLT,PA,_Z,_Z,_Z,_Z,N,2024-02,0.828,A,0,2,
OECD.SDD.STES:DSD_STES@DF_FINMARK(4.0),CHE,M,IRLT,PA,_Z,_Z,_Z,_Z,N,2024-03,0.639,A,0,2,
OECD.SDD.STES:DSD_STES@DF_FINMARK(4.0),CHE,M,IRLT,PA,_Z,_Z,_Z,_Z,N,2024-04,0.693,A,0,2,
OECD.SDD.STES:DSD_STES@DF_FINMARK(4.0),CHE,M,IRLT,PA,_Z,_Z,_Z,_Z,N,2024-05,0.915,A,0,2,
OECD.SDD.STES:DSD_STES@DF_FINMARK(4.0),CHE,M,IRLT,PA,_Z,_Z,_Z,_Z,N,2024-06,0.559,A,0,2,
OECD.SDD.STES:DSD_STES@DF_FINMARK(4.0),CHE,M,IRLT,PA,_Z,_Z,_Z,_Z,N,2024-07,0.45,A,0,2,
OECD.SDD.STES:DSD_STES@DF_FINMARK(4.0),CHE,M,IRLT,PA,_Z,_Z,_Z,_Z,N,2024-08,0.451,A,0,2,
OECD.SDD.STES:DSD_STES@DF_FINMARK(4.0),CHE,M,IRLT,PA,_Z,_Z,_Z,_Z,N,2024-09,0.41,A,0,2,
OECD.SDD.STES:DSD_STES@DF_FINMARK(4.0),CHE,M,IRLT,PA,_Z,_Z,_Z,_Z,N,2024-10,0.451,A,0,2,
OECD.SDD.STES:DSD_STES@DF_FINMARK(4.0),CHE,M,IRLT,PA,_Z,_Z,_Z,_Z,N,2024-11,0.289,A,0,2,
OECD.SDD.STES:DSD_STES@DF_FINMARK(4.0),CHE,M,IRLT,PA,_Z,_Z,_Z,_Z,N,2024-12,0.317,A,0,2,
OECD.SDD.STES:DSD_STES@DF_FINMARK(4.0),CHE,M,IRLT,PA,_Z,_Z,_Z,_Z,N,2025-01,0.383,A,0,2,
OECD.SDD.STES:DSD_STES@DF_FINMARK(4.0),CHE,M,IRLT,PA,_Z,_Z,_Z,_Z,N,2025-02,0.396,A,0,2,
OECD.SDD.STES:DSD_STES@DF_FINMARK(4.0),CHE,M,IRLT,PA,_Z,_Z,_Z,_Z,N,2025-03,0.514,A,0,2,
OECD.SDD.STES:DSD_STES@DF_FINMARK(4.0),CHE,M,IRLT,PA,_Z,_Z,_Z,_Z,N,2025-04,0.326,A,0,2,
OECD.SDD.STES:DSD_STES@DF_FINMARK(4.0),CHE,M,IRLT,PA,_Z,_Z,_Z,_Z,N,2025-05,0.259,A,0,2,
OECD.SDD.STES:DSD_STES@DF_FINMARK(4.0),CHE,M,IRLT,PA,_Z,_Z,_Z,_Z,N,2025-06,0.41,A,0,2,
OECD.SDD.STES:DSD_STES@DF_FINMARK(4.0),CHE,M,IRLT,PA,_Z,_Z,_Z,_Z,N,2025-07,0.378,A,0,2,
OECD.SDD.STES:DSD_STES@DF_FINMARK(4.0),CHE,M,IRLT,PA,_Z,_Z,_Z,_Z,N,2025-08,0.32,A,0,2,
OECD.SDD.STES:DSD_STES@DF_FINMARK(4.0),CHE,M,IRLT,PA,_Z,_Z,_Z,_Z,N,2025-09,0.2,A,0,2,
OECD.SDD.STES:DSD_STES@DF_FINMARK(4.0),CHE,M,IRLT,PA,_Z,_Z,_Z,_Z,N,2025-10,0.18,A,0,2,
OECD.SDD.STES:DSD_STES@DF_FINMARK(4.0),CHE,M,IRLT,PA,_Z,_Z,_Z,_Z,N,2025-11,0.19,A,0,2,
OECD.SDD.STES:DSD_STES@DF_FINMARK(4.0),CHE,M,IRLT,PA,_Z,_Z,_Z,_Z,N,2025-12,0.33,A,0,2,
OECD.SDD.STES:DSD_STES@DF_FINMARK(4.0),CHE,M,IRLT,PA,_Z,_Z,_Z,_Z,N,2026-01,0.27,A,0,2,
OECD.SDD.STES:DSD_STES@DF_FINMARK(4.0),CHE,M,IRLT,PA,_Z,_Z,_Z,_Z,N,2026-02,0.25,A,0,2,
OECD.SDD.STES:DSD_STES@DF_FINMARK(4.0),CHE,M,IRLT,PA,_Z,_Z,_Z,_Z,N,2026-03,0.4,A,0,2,
OECD.SDD.STES:DSD_STES@DF_FINMARK(4.0),CHE,M,IRLT,PA,_Z,_Z,_Z,_Z,N,2026-04,0.45,A,0,2,
OECD.SDD.STES:DSD_STES@DF_FINMARK(4.0),CAN,M,IRLT,PA,_Z,_Z,_Z,_Z,N,2017-01,1.722381,A,0,2,
OECD.SDD.STES:DSD_STES@DF_FINMARK(4.0),CAN,M,IRLT,PA,_Z,_Z,_Z,_Z,N,2017-02,1.702105,A,0,2,
OECD.SDD.STES:DSD_STES@DF_FINMARK(4.0),CAN,M,IRLT,PA,_Z,_Z,_Z,_Z,N,2017-03,1.714348,A,0,2,
OECD.SDD.STES:DSD_STES@DF_FINMARK(4.0),CAN,M,IRLT,PA,_Z,_Z,_Z,_Z,N,2017-04,1.523158,A,0,2,
OECD.SDD.STES:DSD_STES@DF_FINMARK(4.0),CAN,M,IRLT,PA,_Z,_Z,_Z,_Z,N,2017-05,1.513182,A,0,2,
OECD.SDD.STES:DSD_STES@DF_FINMARK(4.0),CAN,M,IRLT,PA,_Z,_Z,_Z,_Z,N,2017-06,1.502727,A,0,2,
OECD.SDD.STES:DSD_STES@DF_FINMARK(4.0),CAN,M,IRLT,PA,_Z,_Z,_Z,_Z,N,2017-07,1.908,A,0,2,
OECD.SDD.STES:DSD_STES@DF_FINMARK(4.0),CAN,M,IRLT,PA,_Z,_Z,_Z,_Z,N,2017-08,1.883636,A,0,2,
OECD.SDD.STES:DSD_STES@DF_FINMARK(4.0),CAN,M,IRLT,PA,_Z,_Z,_Z,_Z,N,2017-09,2.0495,A,0,2,
OECD.SDD.STES:DSD_STES@DF_FINMARK(4.0),CAN,M,IRLT,PA,_Z,_Z,_Z,_Z,N,2017-10,2.050952,A,0,2,
OECD.SDD.STES:DSD_STES@DF_FINMARK(4.0),CAN,M,IRLT,PA,_Z,_Z,_Z,_Z,N,2017-11,1.918571,A,0,2,
OECD.SDD.STES:DSD_STES@DF_FINMARK(4.0),CAN,M,IRLT,PA,_Z,_Z,_Z,_Z,N,2017-12,1.915263,A,0,2,
OECD.SDD.STES:DSD_STES@DF_FINMARK(4.0),CAN,M,IRLT,PA,_Z,_Z,_Z,_Z,N,2018-01,2.198182,A,0,2,
OECD.SDD.STES:DSD_STES@DF_FINMARK(4.0),CAN,M,IRLT,PA,_Z,_Z,_Z,_Z,N,2018-02,2.324211,A,0,2,
OECD.SDD.STES:DSD_STES@DF_FINMARK(4.0),CAN,M,IRLT,PA,_Z,_Z,_Z,_Z,N,2018-03,2.188571,A,0,2,
OECD.SDD.STES:DSD_STES@DF_FINMARK(4.0),CAN,M,IRLT,PA,_Z,_Z,_Z,_Z,N,2018-04,2.249048,A,0,2,
OECD.SDD.STES:DSD_STES@DF_FINMARK(4.0),CAN,M,IRLT,PA,_Z,_Z,_Z,_Z,N,2018-05,2.375455,A,0,2,
OECD.SDD.STES:DSD_STES@DF_FINMARK(4.0),CAN,M,IRLT,PA,_Z,_Z,_Z,_Z,N,2018-06,2.209048,A,0,2,
OECD.SDD.STES:DSD_STES@DF_FINMARK(4.0),CAN,M,IRLT,PA,_Z,_Z,_Z,_Z,N,2018-07,2.187143,A,0,2,
OECD.SDD.STES:DSD_STES@DF_FINMARK(4.0),CAN,M,IRLT,PA,_Z,_Z,_Z,_Z,N,2018-08,2.295455,A,0,2,
OECD.SDD.STES:DSD_STES@DF_FINMARK(4.0),CAN,M,IRLT,PA,_Z,_Z,_Z,_Z,N,2018-09,2.353684,A,0,2,
OECD.SDD.STES:DSD_STES@DF_FINMARK(4.0),CAN,M,IRLT,PA,_Z,_Z,_Z,_Z,N,2018-10,2.488636,A,0,2,
OECD.SDD.STES:DSD_STES@DF_FINMARK(4.0),CAN,M,IRLT,PA,_Z,_Z,_Z,_Z,N,2018-11,2.407619,A,0,2,
OECD.SDD.STES:DSD_STES@DF_FINMARK(4.0),CAN,M,IRLT,PA,_Z,_Z,_Z,_Z,N,2018-12,2.057895,A,0,2,
OECD.SDD.STES:DSD_STES@DF_FINMARK(4.0),CAN,M,IRLT,PA,_Z,_Z,_Z,_Z,N,2019-01,1.953636,A,0,2,
OECD.SDD.STES:DSD_STES@DF_FINMARK(4.0),CAN,M,IRLT,PA,_Z,_Z,_Z,_Z,N,2019-02,1.907368,A,0,2,
OECD.SDD.STES:DSD_STES@DF_FINMARK(4.0),CAN,M,IRLT,PA,_Z,_Z,_Z,_Z,N,2019-03,1.712381,A,0,2,
OECD.SDD.STES:DSD_STES@DF_FINMARK(4.0),CAN,M,IRLT,PA,_Z,_Z,_Z,_Z,N,2019-04,1.724286,A,0,2,
OECD.SDD.STES:DSD_STES@DF_FINMARK(4.0),CAN,M,IRLT,PA,_Z,_Z,_Z,_Z,N,2019-05,1.664545,A,0,2,
OECD.SDD.STES:DSD_STES@DF_FINMARK(4.0),CAN,M,IRLT,PA,_Z,_Z,_Z,_Z,N,2019-06,1.4625,A,0,2,
OECD.SDD.STES:DSD_STES@DF_FINMARK(4.0),CAN,M,IRLT,PA,_Z,_Z,_Z,_Z,N,2019-07,1.519091,A,0,2,
OECD.SDD.STES:DSD_STES@DF_FINMARK(4.0),CAN,M,IRLT,PA,_Z,_Z,_Z,_Z,N,2019-08,1.205238,A,0,2,
OECD.SDD.STES:DSD_STES@DF_FINMARK(4.0),CAN,M,IRLT,PA,_Z,_Z,_Z,_Z,N,2019-09,1.364,A,0,2,
OECD.SDD.STES:DSD_STES@DF_FINMARK(4.0),CAN,M,IRLT,PA,_Z,_Z,_Z,_Z,N,2019-10,1.449546,A,0,2,
OECD.SDD.STES:DSD_STES@DF_FINMARK(4.0),CAN,M,IRLT,PA,_Z,_Z,_Z,_Z,N,2019-11,1.4995,A,0,2,
OECD.SDD.STES:DSD_STES@DF_FINMARK(4.0),CAN,M,IRLT,PA,_Z,_Z,_Z,_Z,N,2019-12,1.6045,A,0,2,
OECD.SDD.STES:DSD_STES@DF_FINMARK(4.0),CAN,M,IRLT,PA,_Z,_Z,_Z,_Z,N,2020-01,1.492273,A,0,2,
OECD.SDD.STES:DSD_STES@DF_FINMARK(4.0),CAN,M,IRLT,PA,_Z,_Z,_Z,_Z,N,2020-02,1.294737,A,0,2,
OECD.SDD.STES:DSD_STES@DF_FINMARK(4.0),CAN,M,IRLT,PA,_Z,_Z,_Z,_Z,N,2020-03,0.8190909,A,0,2,
OECD.SDD.STES:DSD_STES@DF_FINMARK(4.0),CAN,M,IRLT,PA,_Z,_Z,_Z,_Z,N,2020-04,0.6571429,A,0,2,
OECD.SDD.STES:DSD_STES@DF_FINMARK(4.0),CAN,M,IRLT,PA,_Z,_Z,_Z,_Z,N,2020-05,0.551,A,0,2,
OECD.SDD.STES:DSD_STES@DF_FINMARK(4.0),CAN,M,IRLT,PA,_Z,_Z,_Z,_Z,N,2020-06,0.5613636,A,0,2,
OECD.SDD.STES:DSD_STES@DF_FINMARK(4.0),CAN,M,IRLT,PA,_Z,_Z,_Z,_Z,N,2020-07,0.5163636,A,0,2,
OECD.SDD.STES:DSD_STES@DF_FINMARK(4.0),CAN,M,IRLT,PA,_Z,_Z,_Z,_Z,N,2020-08,0.5635,A,0,2,
OECD.SDD.STES:DSD_STES@DF_FINMARK(4.0),CAN,M,IRLT,PA,_Z,_Z,_Z,_Z,N,2020-09,0.5595238,A,0,2,
OECD.SDD.STES:DSD_STES@DF_FINMARK(4.0),CAN,M,IRLT,PA,_Z,_Z,_Z,_Z,N,2020-10,0.6028572,A,0,2,
OECD.SDD.STES:DSD_STES@DF_FINMARK(4.0),CAN,M,IRLT,PA,_Z,_Z,_Z,_Z,N,2020-11,0.6885,A,0,2,
OECD.SDD.STES:DSD_STES@DF_FINMARK(4.0),CAN,M,IRLT,PA,_Z,_Z,_Z,_Z,N,2020-12,0.7309524,A,0,2,
OECD.SDD.STES:DSD_STES@DF_FINMARK(4.0),CAN,M,IRLT,PA,_Z,_Z,_Z,_Z,N,2021-01,0.8055,A,0,2,
OECD.SDD.STES:DSD_STES@DF_FINMARK(4.0),CAN,M,IRLT,PA,_Z,_Z,_Z,_Z,N,2021-02,1.099474,A,0,2,
OECD.SDD.STES:DSD_STES@DF_FINMARK(4.0),CAN,M,IRLT,PA,_Z,_Z,_Z,_Z,N,2021-03,1.496522,A,0,2,
OECD.SDD.STES:DSD_STES@DF_FINMARK(4.0),CAN,M,IRLT,PA,_Z,_Z,_Z,_Z,N,2021-04,1.516191,A,0,2,
OECD.SDD.STES:DSD_STES@DF_FINMARK(4.0),CAN,M,IRLT,PA,_Z,_Z,_Z,_Z,N,2021-05,1.524,A,0,2,
OECD.SDD.STES:DSD_STES@DF_FINMARK(4.0),CAN,M,IRLT,PA,_Z,_Z,_Z,_Z,N,2021-06,1.425,A,0,2,
OECD.SDD.STES:DSD_STES@DF_FINMARK(4.0),CAN,M,IRLT,PA,_Z,_Z,_Z,_Z,N,2021-07,1.251429,A,0,2,
OECD.SDD.STES:DSD_STES@DF_FINMARK(4.0),CAN,M,IRLT,PA,_Z,_Z,_Z,_Z,N,2021-08,1.191905,A,0,2,
OECD.SDD.STES:DSD_STES@DF_FINMARK(4.0),CAN,M,IRLT,PA,_Z,_Z,_Z,_Z,N,2021-09,1.263,A,0,2,
OECD.SDD.STES:DSD_STES@DF_FINMARK(4.0),CAN,M,IRLT,PA,_Z,_Z,_Z,_Z,N,2021-10,1.597,A,0,2,
OECD.SDD.STES:DSD_STES@DF_FINMARK(4.0),CAN,M,IRLT,PA,_Z,_Z,_Z,_Z,N,2021-11,1.685714,A,0,2,
OECD.SDD.STES:DSD_STES@DF_FINMARK(4.0),CAN,M,IRLT,PA,_Z,_Z,_Z,_Z,N,2021-12,1.45,A,0,2,
OECD.SDD.STES:DSD_STES@DF_FINMARK(4.0),CAN,M,IRLT,PA,_Z,_Z,_Z,_Z,N,2022-01,1.759,A,0,2,
OECD.SDD.STES:DSD_STES@DF_FINMARK(4.0),CAN,M,IRLT,PA,_Z,_Z,_Z,_Z,N,2022-02,1.879474,A,0,2,
OECD.SDD.STES:DSD_STES@DF_FINMARK(4.0),CAN,M,IRLT,PA,_Z,_Z,_Z,_Z,N,2022-03,2.132174,A,0,2,
OECD.SDD.STES:DSD_STES@DF_FINMARK(4.0),CAN,M,IRLT,PA,_Z,_Z,_Z,_Z,N,2022-04,2.704,A,0,2,
OECD.SDD.STES:DSD_STES@DF_FINMARK(4.0),CAN,M,IRLT,PA,_Z,_Z,_Z,_Z,N,2022-05,2.918571,A,0,2,
OECD.SDD.STES:DSD_STES@DF_FINMARK(4.0),CAN,M,IRLT,PA,_Z,_Z,_Z,_Z,N,2022-06,3.315454,A,0,2,
OECD.SDD.STES:DSD_STES@DF_FINMARK(4.0),CAN,M,IRLT,PA,_Z,_Z,_Z,_Z,N,2022-07,3.043158,A,0,2,
OECD.SDD.STES:DSD_STES@DF_FINMARK(4.0),CAN,M,IRLT,PA,_Z,_Z,_Z,_Z,N,2022-08,2.859091,A,0,2,
OECD.SDD.STES:DSD_STES@DF_FINMARK(4.0),CAN,M,IRLT,PA,_Z,_Z,_Z,_Z,N,2022-09,3.147895,A,0,2,
OECD.SDD.STES:DSD_STES@DF_FINMARK(4.0),CAN,M,IRLT,PA,_Z,_Z,_Z,_Z,N,2022-10,3.380526,A,0,2,
OECD.SDD.STES:DSD_STES@DF_FINMARK(4.0),CAN,M,IRLT,PA,_Z,_Z,_Z,_Z,N,2022-11,3.16619,A,0,2,
OECD.SDD.STES:DSD_STES@DF_FINMARK(4.0),CAN,M,IRLT,PA,_Z,_Z,_Z,_Z,N,2022-12,2.9415,A,0,2,
OECD.SDD.STES:DSD_STES@DF_FINMARK(4.0),CAN,M,IRLT,PA,_Z,_Z,_Z,_Z,N,2023-01,2.937619,A,0,2,
OECD.SDD.STES:DSD_STES@DF_FINMARK(4.0),CAN,M,IRLT,PA,_Z,_Z,_Z,_Z,N,2023-02,3.174211,A,0,2,
OECD.SDD.STES:DSD_STES@DF_FINMARK(4.0),CAN,M,IRLT,PA,_Z,_Z,_Z,_Z,N,2023-03,2.993478,A,0,2,
OECD.SDD.STES:DSD_STES@DF_FINMARK(4.0),CAN,M,IRLT,PA,_Z,_Z,_Z,_Z,N,2023-04,2.916111,A,0,2,
OECD.SDD.STES:DSD_STES@DF_FINMARK(4.0),CAN,M,IRLT,PA,_Z,_Z,_Z,_Z,N,2023-05,3.045455,A,0,2,
OECD.SDD.STES:DSD_STES@DF_FINMARK(4.0),CAN,M,IRLT,PA,_Z,_Z,_Z,_Z,N,2023-06,3.338182,A,0,2,
OECD.SDD.STES:DSD_STES@DF_FINMARK(4.0),CAN,M,IRLT,PA,_Z,_Z,_Z,_Z,N,2023-07,3.452,A,0,2,
OECD.SDD.STES:DSD_STES@DF_FINMARK(4.0),CAN,M,IRLT,PA,_Z,_Z,_Z,_Z,N,2023-08,3.654091,A,0,2,
OECD.SDD.STES:DSD_STES@DF_FINMARK(4.0),CAN,M,IRLT,PA,_Z,_Z,_Z,_Z,N,2023-09,3.816,A,0,2,
OECD.SDD.STES:DSD_STES@DF_FINMARK(4.0),CAN,M,IRLT,PA,_Z,_Z,_Z,_Z,N,2023-10,4.062,A,0,2,
OECD.SDD.STES:DSD_STES@DF_FINMARK(4.0),CAN,M,IRLT,PA,_Z,_Z,_Z,_Z,N,2023-11,3.710952,A,0,2,
OECD.SDD.STES:DSD_STES@DF_FINMARK(4.0),CAN,M,IRLT,PA,_Z,_Z,_Z,_Z,N,2023-12,3.23421,A,0,2,
OECD.SDD.STES:DSD_STES@DF_FINMARK(4.0),CAN,M,IRLT,PA,_Z,_Z,_Z,_Z,N,2024-01,3.346364,A,0,2,
OECD.SDD.STES:DSD_STES@DF_FINMARK(4.0),CAN,M,IRLT,PA,_Z,_Z,_Z,_Z,N,2024-02,3.504,A,0,2,
OECD.SDD.STES:DSD_STES@DF_FINMARK(4.0),CAN,M,IRLT,PA,_Z,_Z,_Z,_Z,N,2024-03,3.444,A,0,2,
OECD.SDD.STES:DSD_STES@DF_FINMARK(4.0),CAN,M,IRLT,PA,_Z,_Z,_Z,_Z,N,2024-04,3.695909,A,0,2,
OECD.SDD.STES:DSD_STES@DF_FINMARK(4.0),CAN,M,IRLT,PA,_Z,_Z,_Z,_Z,N,2024-05,3.641818,A,0,2,
OECD.SDD.STES:DSD_STES@DF_FINMARK(4.0),CAN,M,IRLT,PA,_Z,_Z,_Z,_Z,N,2024-06,3.3915,A,0,2,
OECD.SDD.STES:DSD_STES@DF_FINMARK(4.0),CAN,M,IRLT,PA,_Z,_Z,_Z,_Z,N,2024-07,3.407727,A,0,2,
OECD.SDD.STES:DSD_STES@DF_FINMARK(4.0),CAN,M,IRLT,PA,_Z,_Z,_Z,_Z,N,2024-08,3.0715,A,0,2,
OECD.SDD.STES:DSD_STES@DF_FINMARK(4.0),CAN,M,IRLT,PA,_Z,_Z,_Z,_Z,N,2024-09,2.944444,A,0,2,
OECD.SDD.STES:DSD_STES@DF_FINMARK(4.0),CAN,M,IRLT,PA,_Z,_Z,_Z,_Z,N,2024-10,3.186364,A,0,2,
OECD.SDD.STES:DSD_STES@DF_FINMARK(4.0),CAN,M,IRLT,PA,_Z,_Z,_Z,_Z,N,2024-11,3.2785,A,0,2,
OECD.SDD.STES:DSD_STES@DF_FINMARK(4.0),CAN,M,IRLT,PA,_Z,_Z,_Z,_Z,N,2024-12,3.1615,A,0,2,
OECD.SDD.STES:DSD_STES@DF_FINMARK(4.0),CAN,M,IRLT,PA,_Z,_Z,_Z,_Z,N,2025-01,3.288636,A,0,2,
OECD.SDD.STES:DSD_STES@DF_FINMARK(4.0),CAN,M,IRLT,PA,_Z,_Z,_Z,_Z,N,2025-02,3.056316,A,0,2,
OECD.SDD.STES:DSD_STES@DF_FINMARK(4.0),CAN,M,IRLT,PA,_Z,_Z,_Z,_Z,N,2025-03,3.010476,A,0,2,
OECD.SDD.STES:DSD_STES@DF_FINMARK(4.0),CAN,M,IRLT,PA,_Z,_Z,_Z,_Z,N,2025-04,3.108572,A,0,2,
OECD.SDD.STES:DSD_STES@DF_FINMARK(4.0),CAN,M,IRLT,PA,_Z,_Z,_Z,_Z,N,2025-05,3.221429,A,0,2,
OECD.SDD.STES:DSD_STES@DF_FINMARK(4.0),CAN,M,IRLT,PA,_Z,_Z,_Z,_Z,N,2025-06,3.314,A,0,2,
OECD.SDD.STES:DSD_STES@DF_FINMARK(4.0),CAN,M,IRLT,PA,_Z,_Z,_Z,_Z,N,2025-07,3.480454,A,0,2,
OECD.SDD.STES:DSD_STES@DF_FINMARK(4.0),CAN,M,IRLT,PA,_Z,_Z,_Z,_Z,N,2025-08,3.4225,A,0,2,
OECD.SDD.STES:DSD_STES@DF_FINMARK(4.0),CAN,M,IRLT,PA,_Z,_Z,_Z,_Z,N,2025-09,3.2245,A,0,2,
OECD.SDD.STES:DSD_STES@DF_FINMARK(4.0),CAN,M,IRLT,PA,_Z,_Z,_Z,_Z,N,2025-10,3.128182,A,0,2,
OECD.SDD.STES:DSD_STES@DF_FINMARK(4.0),CAN,M,IRLT,PA,_Z,_Z,_Z,_Z,N,2025-11,3.174211,A,0,2,
OECD.SDD.STES:DSD_STES@DF_FINMARK(4.0),CAN,M,IRLT,PA,_Z,_Z,_Z,_Z,N,2025-12,3.387619,A,0,2,
OECD.SDD.STES:DSD_STES@DF_FINMARK(4.0),CAN,M,IRLT,PA,_Z,_Z,_Z,_Z,N,2026-01,3.402381,A,0,2,
OECD.SDD.STES:DSD_STES@DF_FINMARK(4.0),CAN,M,IRLT,PA,_Z,_Z,_Z,_Z,N,2026-02,3.288421,A,0,2,
OECD.SDD.STES:DSD_STES@DF_FINMARK(4.0),GBR,M,IRLT,PA,_Z,_Z,_Z,_Z,N,2017-01,1.4203,A,0,2,
OECD.SDD.STES:DSD_STES@DF_FINMARK(4.0),GBR,M,IRLT,PA,_Z,_Z,_Z,_Z,N,2017-02,1.3058,A,0,2,
OECD.SDD.STES:DSD_STES@DF_FINMARK(4.0),GBR,M,IRLT,PA,_Z,_Z,_Z,_Z,N,2017-03,1.194,A,0,2,
OECD.SDD.STES:DSD_STES@DF_FINMARK(4.0),GBR,M,IRLT,PA,_Z,_Z,_Z,_Z,N,2017-04,1.0789,A,0,2,
OECD.SDD.STES:DSD_STES@DF_FINMARK(4.0),GBR,M,IRLT,PA,_Z,_Z,_Z,_Z,N,2017-05,1.1175,A,0,2,
OECD.SDD.STES:DSD_STES@DF_FINMARK(4.0),GBR,M,IRLT,PA,_Z,_Z,_Z,_Z,N,2017-06,1.0846,A,0,2,
OECD.SDD.STES:DSD_STES@DF_FINMARK(4.0),GBR,M,IRLT,PA,_Z,_Z,_Z,_Z,N,2017-07,1.2713,A,0,2,
OECD.SDD.STES:DSD_STES@DF_FINMARK(4.0),GBR,M,IRLT,PA,_Z,_Z,_Z,_Z,N,2017-08,1.1241,A,0,2,
OECD.SDD.STES:DSD_STES@DF_FINMARK(4.0),GBR,M,IRLT,PA,_Z,_Z,_Z,_Z,N,2017-09,1.2436,A,0,2,
OECD.SDD.STES:DSD_STES@DF_FINMARK(4.0),GBR,M,IRLT,PA,_Z,_Z,_Z,_Z,N,2017-10,1.3816,A,0,2,
OECD.SDD.STES:DSD_STES@DF_FINMARK(4.0),GBR,M,IRLT,PA,_Z,_Z,_Z,_Z,N,2017-11,1.3299,A,0,2,
OECD.SDD.STES:DSD_STES@DF_FINMARK(4.0),GBR,M,IRLT,PA,_Z,_Z,_Z,_Z,N,2017-12,1.2781,A,0,2,
OECD.SDD.STES:DSD_STES@DF_FINMARK(4.0),GBR,M,IRLT,PA,_Z,_Z,_Z,_Z,N,2018-01,1.3931,A,0,2,
OECD.SDD.STES:DSD_STES@DF_FINMARK(4.0),GBR,M,IRLT,PA,_Z,_Z,_Z,_Z,N,2018-02,1.6034,A,0,2,
OECD.SDD.STES:DSD_STES@DF_FINMARK(4.0),GBR,M,IRLT,PA,_Z,_Z,_Z,_Z,N,2018-03,1.508,A,0,2,
OECD.SDD.STES:DSD_STES@DF_FINMARK(4.0),GBR,M,IRLT,PA,_Z,_Z,_Z,_Z,N,2018-04,1.5108,A,0,2,
OECD.SDD.STES:DSD_STES@DF_FINMARK(4.0),GBR,M,IRLT,PA,_Z,_Z,_Z,_Z,N,2018-05,1.5016,A,0,2,
OECD.SDD.STES:DSD_STES@DF_FINMARK(4.0),GBR,M,IRLT,PA,_Z,_Z,_Z,_Z,N,2018-06,1.4229,A,0,2,
OECD.SDD.STES:DSD_STES@DF_FINMARK(4.0),GBR,M,IRLT,PA,_Z,_Z,_Z,_Z,N,2018-07,1.3739,A,0,2,
OECD.SDD.STES:DSD_STES@DF_FINMARK(4.0),GBR,M,IRLT,PA,_Z,_Z,_Z,_Z,N,2018-08,1.3991,A,0,2,
OECD.SDD.STES:DSD_STES@DF_FINMARK(4.0),GBR,M,IRLT,PA,_Z,_Z,_Z,_Z,N,2018-09,1.5023,A,0,2,
OECD.SDD.STES:DSD_STES@DF_FINMARK(4.0),GBR,M,IRLT,PA,_Z,_Z,_Z,_Z,N,2018-10,1.5462,A,0,2,
OECD.SDD.STES:DSD_STES@DF_FINMARK(4.0),GBR,M,IRLT,PA,_Z,_Z,_Z,_Z,N,2018-11,1.4541,A,0,2,
OECD.SDD.STES:DSD_STES@DF_FINMARK(4.0),GBR,M,IRLT,PA,_Z,_Z,_Z,_Z,N,2018-12,1.3125,A,0,2,
OECD.SDD.STES:DSD_STES@DF_FINMARK(4.0),GBR,M,IRLT,PA,_Z,_Z,_Z,_Z,N,2019-01,1.3221,A,0,2,
OECD.SDD.STES:DSD_STES@DF_FINMARK(4.0),GBR,M,IRLT,PA,_Z,_Z,_Z,_Z,N,2019-02,1.239,A,0,2,
OECD.SDD.STES:DSD_STES@DF_FINMARK(4.0),GBR,M,IRLT,PA,_Z,_Z,_Z,_Z,N,2019-03,1.19,A,0,2,
OECD.SDD.STES:DSD_STES@DF_FINMARK(4.0),GBR,M,IRLT,PA,_Z,_Z,_Z,_Z,N,2019-04,1.1906,A,0,2,
OECD.SDD.STES:DSD_STES@DF_FINMARK(4.0),GBR,M,IRLT,PA,_Z,_Z,_Z,_Z,N,2019-05,1.13,A,0,2,
OECD.SDD.STES:DSD_STES@DF_FINMARK(4.0),GBR,M,IRLT,PA,_Z,_Z,_Z,_Z,N,2019-06,0.919,A,0,2,
OECD.SDD.STES:DSD_STES@DF_FINMARK(4.0),GBR,M,IRLT,PA,_Z,_Z,_Z,_Z,N,2019-07,0.8304,A,0,2,
OECD.SDD.STES:DSD_STES@DF_FINMARK(4.0),GBR,M,IRLT,PA,_Z,_Z,_Z,_Z,N,2019-08,0.5776,A,0,2,
OECD.SDD.STES:DSD_STES@DF_FINMARK(4.0),GBR,M,IRLT,PA,_Z,_Z,_Z,_Z,N,2019-09,0.5981,A,0,2,
OECD.SDD.STES:DSD_STES@DF_FINMARK(4.0),GBR,M,IRLT,PA,_Z,_Z,_Z,_Z,N,2019-10,0.6373,A,0,2,
OECD.SDD.STES:DSD_STES@DF_FINMARK(4.0),GBR,M,IRLT,PA,_Z,_Z,_Z,_Z,N,2019-11,0.765,A,0,2,
OECD.SDD.STES:DSD_STES@DF_FINMARK(4.0),GBR,M,IRLT,PA,_Z,_Z,_Z,_Z,N,2019-12,0.8308,A,0,2,
OECD.SDD.STES:DSD_STES@DF_FINMARK(4.0),GBR,M,IRLT,PA,_Z,_Z,_Z,_Z,N,2020-01,0.7235,A,0,2,
OECD.SDD.STES:DSD_STES@DF_FINMARK(4.0),GBR,M,IRLT,PA,_Z,_Z,_Z,_Z,N,2020-02,0.633,A,0,2,
OECD.SDD.STES:DSD_STES@DF_FINMARK(4.0),GBR,M,IRLT,PA,_Z,_Z,_Z,_Z,N,2020-03,0.4609,A,0,2,
OECD.SDD.STES:DSD_STES@DF_FINMARK(4.0),GBR,M,IRLT,PA,_Z,_Z,_Z,_Z,N,2020-04,0.3577,A,0,2,
OECD.SDD.STES:DSD_STES@DF_FINMARK(4.0),GBR,M,IRLT,PA,_Z,_Z,_Z,_Z,N,2020-05,0.2743,A,0,2,
OECD.SDD.STES:DSD_STES@DF_FINMARK(4.0),GBR,M,IRLT,PA,_Z,_Z,_Z,_Z,N,2020-06,0.278,A,0,2,
OECD.SDD.STES:DSD_STES@DF_FINMARK(4.0),GBR,M,IRLT,PA,_Z,_Z,_Z,_Z,N,2020-07,0.2094,A,0,2,
OECD.SDD.STES:DSD_STES@DF_FINMARK(4.0),GBR,M,IRLT,PA,_Z,_Z,_Z,_Z,N,2020-08,0.2717,A,0,2,
OECD.SDD.STES:DSD_STES@DF_FINMARK(4.0),GBR,M,IRLT,PA,_Z,_Z,_Z,_Z,N,2020-09,0.273,A,0,2,
OECD.SDD.STES:DSD_STES@DF_FINMARK(4.0),GBR,M,IRLT,PA,_Z,_Z,_Z,_Z,N,2020-10,0.3058,A,0,2,
OECD.SDD.STES:DSD_STES@DF_FINMARK(4.0),GBR,M,IRLT,PA,_Z,_Z,_Z,_Z,N,2020-11,0.3836,A,0,2,
OECD.SDD.STES:DSD_STES@DF_FINMARK(4.0),GBR,M,IRLT,PA,_Z,_Z,_Z,_Z,N,2020-12,0.3224,A,0,2,
OECD.SDD.STES:DSD_STES@DF_FINMARK(4.0),GBR,M,IRLT,PA,_Z,_Z,_Z,_Z,N,2021-01,0.3672,A,0,2,
OECD.SDD.STES:DSD_STES@DF_FINMARK(4.0),GBR,M,IRLT,PA,_Z,_Z,_Z,_Z,N,2021-02,0.6222,A,0,2,
OECD.SDD.STES:DSD_STES@DF_FINMARK(4.0),GBR,M,IRLT,PA,_Z,_Z,_Z,_Z,N,2021-03,0.8456,A,0,2,
OECD.SDD.STES:DSD_STES@DF_FINMARK(4.0),GBR,M,IRLT,PA,_Z,_Z,_Z,_Z,N,2021-04,0.8515,A,0,2,
OECD.SDD.STES:DSD_STES@DF_FINMARK(4.0),GBR,M,IRLT,PA,_Z,_Z,_Z,_Z,N,2021-05,0.9058,A,0,2,
OECD.SDD.STES:DSD_STES@DF_FINMARK(4.0),GBR,M,IRLT,PA,_Z,_Z,_Z,_Z,N,2021-06,0.8549,A,0,2,
OECD.SDD.STES:DSD_STES@DF_FINMARK(4.0),GBR,M,IRLT,PA,_Z,_Z,_Z,_Z,N,2021-07,0.6979,A,0,2,
OECD.SDD.STES:DSD_STES@DF_FINMARK(4.0),GBR,M,IRLT,PA,_Z,_Z,_Z,_Z,N,2021-08,0.644,A,0,2,
OECD.SDD.STES:DSD_STES@DF_FINMARK(4.0),GBR,M,IRLT,PA,_Z,_Z,_Z,_Z,N,2021-09,0.8023,A,0,2,
OECD.SDD.STES:DSD_STES@DF_FINMARK(4.0),GBR,M,IRLT,PA,_Z,_Z,_Z,_Z,N,2021-10,1.083,A,0,2,
OECD.SDD.STES:DSD_STES@DF_FINMARK(4.0),GBR,M,IRLT,PA,_Z,_Z,_Z,_Z,N,2021-11,0.9394,A,0,2,
OECD.SDD.STES:DSD_STES@DF_FINMARK(4.0),GBR,M,IRLT,PA,_Z,_Z,_Z,_Z,N,2021-12,0.8375,A,0,2,
OECD.SDD.STES:DSD_STES@DF_FINMARK(4.0),GBR,M,IRLT,PA,_Z,_Z,_Z,_Z,N,2022-01,1.2051,A,0,2,
OECD.SDD.STES:DSD_STES@DF_FINMARK(4.0),GBR,M,IRLT,PA,_Z,_Z,_Z,_Z,N,2022-02,1.4891,A,0,2,
OECD.SDD.STES:DSD_STES@DF_FINMARK(4.0),GBR,M,IRLT,PA,_Z,_Z,_Z,_Z,N,2022-03,1.5457,A,0,2,
OECD.SDD.STES:DSD_STES@DF_FINMARK(4.0),GBR,M,IRLT,PA,_Z,_Z,_Z,_Z,N,2022-04,1.8362,A,0,2,
OECD.SDD.STES:DSD_STES@DF_FINMARK(4.0),GBR,M,IRLT,PA,_Z,_Z,_Z,_Z,N,2022-05,1.9069,A,0,2,
OECD.SDD.STES:DSD_STES@DF_FINMARK(4.0),GBR,M,IRLT,PA,_Z,_Z,_Z,_Z,N,2022-06,2.3824,A,0,2,
OECD.SDD.STES:DSD_STES@DF_FINMARK(4.0),GBR,M,IRLT,PA,_Z,_Z,_Z,_Z,N,2022-07,2.1454,A,0,2,
OECD.SDD.STES:DSD_STES@DF_FINMARK(4.0),GBR,M,IRLT,PA,_Z,_Z,_Z,_Z,N,2022-08,2.3278,A,0,2,
OECD.SDD.STES:DSD_STES@DF_FINMARK(4.0),GBR,M,IRLT,PA,_Z,_Z,_Z,_Z,N,2022-09,3.5007,A,0,2,
OECD.SDD.STES:DSD_STES@DF_FINMARK(4.0),GBR,M,IRLT,PA,_Z,_Z,_Z,_Z,N,2022-10,4.1096,A,0,2,
OECD.SDD.STES:DSD_STES@DF_FINMARK(4.0),GBR,M,IRLT,PA,_Z,_Z,_Z,_Z,N,2022-11,3.4171,A,0,2,
OECD.SDD.STES:DSD_STES@DF_FINMARK(4.0),GBR,M,IRLT,PA,_Z,_Z,_Z,_Z,N,2022-12,3.5015,A,0,2,
OECD.SDD.STES:DSD_STES@DF_FINMARK(4.0),GBR,M,IRLT,PA,_Z,_Z,_Z,_Z,N,2023-01,3.5115,A,0,2,
OECD.SDD.STES:DSD_STES@DF_FINMARK(4.0),GBR,M,IRLT,PA,_Z,_Z,_Z,_Z,N,2023-02,3.5553,A,0,2,
OECD.SDD.STES:DSD_STES@DF_FINMARK(4.0),GBR,M,IRLT,PA,_Z,_Z,_Z,_Z,N,2023-03,3.5638,A,0,2,
OECD.SDD.STES:DSD_STES@DF_FINMARK(4.0),GBR,M,IRLT,PA,_Z,_Z,_Z,_Z,N,2023-04,3.6503,A,0,2,
OECD.SDD.STES:DSD_STES@DF_FINMARK(4.0),GBR,M,IRLT,PA,_Z,_Z,_Z,_Z,N,2023-05,3.9621,A,0,2,
OECD.SDD.STES:DSD_STES@DF_FINMARK(4.0),GBR,M,IRLT,PA,_Z,_Z,_Z,_Z,N,2023-06,4.3659,A,0,2,
OECD.SDD.STES:DSD_STES@DF_FINMARK(4.0),GBR,M,IRLT,PA,_Z,_Z,_Z,_Z,N,2023-07,4.4372,A,0,2,
OECD.SDD.STES:DSD_STES@DF_FINMARK(4.0),GBR,M,IRLT,PA,_Z,_Z,_Z,_Z,N,2023-08,4.5298,A,0,2,
OECD.SDD.STES:DSD_STES@DF_FINMARK(4.0),GBR,M,IRLT,PA,_Z,_Z,_Z,_Z,N,2023-09,4.4199,A,0,2,
OECD.SDD.STES:DSD_STES@DF_FINMARK(4.0),GBR,M,IRLT,PA,_Z,_Z,_Z,_Z,N,2023-10,4.5695,A,0,2,
OECD.SDD.STES:DSD_STES@DF_FINMARK(4.0),GBR,M,IRLT,PA,_Z,_Z,_Z,_Z,N,2023-11,4.2721,A,0,2,
OECD.SDD.STES:DSD_STES@DF_FINMARK(4.0),GBR,M,IRLT,PA,_Z,_Z,_Z,_Z,N,2023-12,3.8622,A,0,2,
OECD.SDD.STES:DSD_STES@DF_FINMARK(4.0),GBR,M,IRLT,PA,_Z,_Z,_Z,_Z,N,2024-01,3.9319,A,0,2,
OECD.SDD.STES:DSD_STES@DF_FINMARK(4.0),GBR,M,IRLT,PA,_Z,_Z,_Z,_Z,N,2024-02,4.123,A,0,2,
OECD.SDD.STES:DSD_STES@DF_FINMARK(4.0),GBR,M,IRLT,PA,_Z,_Z,_Z,_Z,N,2024-03,4.033,A,0,2,
OECD.SDD.STES:DSD_STES@DF_FINMARK(4.0),GBR,M,IRLT,PA,_Z,_Z,_Z,_Z,N,2024-04,4.2172,A,0,2,
OECD.SDD.STES:DSD_STES@DF_FINMARK(4.0),GBR,M,IRLT,PA,_Z,_Z,_Z,_Z,N,2024-05,4.2229,A,0,2,
OECD.SDD.STES:DSD_STES@DF_FINMARK(4.0),GBR,M,IRLT,PA,_Z,_Z,_Z,_Z,N,2024-06,4.1644,A,0,2,
OECD.SDD.STES:DSD_STES@DF_FINMARK(4.0),GBR,M,IRLT,PA,_Z,_Z,_Z,_Z,N,2024-07,4.1386,A,0,2,
OECD.SDD.STES:DSD_STES@DF_FINMARK(4.0),GBR,M,IRLT,PA,_Z,_Z,_Z,_Z,N,2024-08,3.9444,A,0,2,
OECD.SDD.STES:DSD_STES@DF_FINMARK(4.0),GBR,M,IRLT,PA,_Z,_Z,_Z,_Z,N,2024-09,3.9053,A,0,2,
OECD.SDD.STES:DSD_STES@DF_FINMARK(4.0),GBR,M,IRLT,PA,_Z,_Z,_Z,_Z,N,2024-10,4.1993,A,0,2,
OECD.SDD.STES:DSD_STES@DF_FINMARK(4.0),GBR,M,IRLT,PA,_Z,_Z,_Z,_Z,N,2024-11,4.4164,A,0,2,
OECD.SDD.STES:DSD_STES@DF_FINMARK(4.0),GBR,M,IRLT,PA,_Z,_Z,_Z,_Z,N,2024-12,4.4345,A,0,2,
OECD.SDD.STES:DSD_STES@DF_FINMARK(4.0),GBR,M,IRLT,PA,_Z,_Z,_Z,_Z,N,2025-01,4.6627,A,0,2,
OECD.SDD.STES:DSD_STES@DF_FINMARK(4.0),GBR,M,IRLT,PA,_Z,_Z,_Z,_Z,N,2025-02,4.5063,A,0,2,
OECD.SDD.STES:DSD_STES@DF_FINMARK(4.0),GBR,M,IRLT,PA,_Z,_Z,_Z,_Z,N,2025-03,4.6448,A,0,2,
OECD.SDD.STES:DSD_STES@DF_FINMARK(4.0),GBR,M,IRLT,PA,_Z,_Z,_Z,_Z,N,2025-04,4.5762,A,0,2,
OECD.SDD.STES:DSD_STES@DF_FINMARK(4.0),GBR,M,IRLT,PA,_Z,_Z,_Z,_Z,N,2025-05,4.6004,A,0,2,
OECD.SDD.STES:DSD_STES@DF_FINMARK(4.0),GBR,M,IRLT,PA,_Z,_Z,_Z,_Z,N,2025-06,4.5248,A,0,2,
OECD.SDD.STES:DSD_STES@DF_FINMARK(4.0),GBR,M,IRLT,PA,_Z,_Z,_Z,_Z,N,2025-07,4.5924,A,0,2,
OECD.SDD.STES:DSD_STES@DF_FINMARK(4.0),GBR,M,IRLT,PA,_Z,_Z,_Z,_Z,N,2025-08,4.6369,A,0,2,
OECD.SDD.STES:DSD_STES@DF_FINMARK(4.0),GBR,M,IRLT,PA,_Z,_Z,_Z,_Z,N,2025-09,4.6885,A,0,2,
OECD.SDD.STES:DSD_STES@DF_FINMARK(4.0),GBR,M,IRLT,PA,_Z,_Z,_Z,_Z,N,2025-10,4.5721,A,0,2,
OECD.SDD.STES:DSD_STES@DF_FINMARK(4.0),GBR,M,IRLT,PA,_Z,_Z,_Z,_Z,N,2025-11,4.4985,A,0,2,
OECD.SDD.STES:DSD_STES@DF_FINMARK(4.0),GBR,M,IRLT,PA,_Z,_Z,_Z,_Z,N,2025-12,4.4826,A,0,2,
OECD.SDD.STES:DSD_STES@DF_FINMARK(4.0),GBR,M,IRLT,PA,_Z,_Z,_Z,_Z,N,2026-01,4.451,A,0,2,
OECD.SDD.STES:DSD_STES@DF_FINMARK(4.0),GBR,M,IRLT,PA,_Z,_Z,_Z,_Z,N,2026-02,4.4324,A,0,2,
OECD.SDD.STES:DSD_STES@DF_FINMARK(4.0),GBR,M,IRLT,PA,_Z,_Z,_Z,_Z,N,2026-03,4.7007,A,0,2,
OECD.SDD.STES:DSD_STES@DF_FINMARK(4.0),GBR,M,IRLT,PA,_Z,_Z,_Z,_Z,N,2026-04,4.8207,A,0,2,
OECD.SDD.STES:DSD_STES@DF_FINMARK(4.0),JPN,M,IRLT,PA,_Z,_Z,_Z,_Z,N,2017-01,0.085,A,0,2,
OECD.SDD.STES:DSD_STES@DF_FINMARK(4.0),JPN,M,IRLT,PA,_Z,_Z,_Z,_Z,N,2017-02,0.05,A,0,2,
OECD.SDD.STES:DSD_STES@DF_FINMARK(4.0),JPN,M,IRLT,PA,_Z,_Z,_Z,_Z,N,2017-03,0.065,A,0,2,
OECD.SDD.STES:DSD_STES@DF_FINMARK(4.0),JPN,M,IRLT,PA,_Z,_Z,_Z,_Z,N,2017-04,0.015,A,0,2,
OECD.SDD.STES:DSD_STES@DF_FINMARK(4.0),JPN,M,IRLT,PA,_Z,_Z,_Z,_Z,N,2017-05,0.04,A,0,2,
OECD.SDD.STES:DSD_STES@DF_FINMARK(4.0),JPN,M,IRLT,PA,_Z,_Z,_Z,_Z,N,2017-06,0.075,A,0,2,
OECD.SDD.STES:DSD_STES@DF_FINMARK(4.0),JPN,M,IRLT,PA,_Z,_Z,_Z,_Z,N,2017-07,0.075,A,0,2,
OECD.SDD.STES:DSD_STES@DF_FINMARK(4.0),JPN,M,IRLT,PA,_Z,_Z,_Z,_Z,N,2017-08,0.01,A,0,2,
OECD.SDD.STES:DSD_STES@DF_FINMARK(4.0),JPN,M,IRLT,PA,_Z,_Z,_Z,_Z,N,2017-09,0.06,A,0,2,
OECD.SDD.STES:DSD_STES@DF_FINMARK(4.0),JPN,M,IRLT,PA,_Z,_Z,_Z,_Z,N,2017-10,0.065,A,0,2,
OECD.SDD.STES:DSD_STES@DF_FINMARK(4.0),JPN,M,IRLT,PA,_Z,_Z,_Z,_Z,N,2017-11,0.035,A,0,2,
OECD.SDD.STES:DSD_STES@DF_FINMARK(4.0),JPN,M,IRLT,PA,_Z,_Z,_Z,_Z,N,2017-12,0.045,A,0,2,
OECD.SDD.STES:DSD_STES@DF_FINMARK(4.0),JPN,M,IRLT,PA,_Z,_Z,_Z,_Z,N,2018-01,0.08,A,0,2,
OECD.SDD.STES:DSD_STES@DF_FINMARK(4.0),JPN,M,IRLT,PA,_Z,_Z,_Z,_Z,N,2018-02,0.045,A,0,2,
OECD.SDD.STES:DSD_STES@DF_FINMARK(4.0),JPN,M,IRLT,PA,_Z,_Z,_Z,_Z,N,2018-03,0.045,A,0,2,
OECD.SDD.STES:DSD_STES@DF_FINMARK(4.0),JPN,M,IRLT,PA,_Z,_Z,_Z,_Z,N,2018-04,0.05,A,0,2,
OECD.SDD.STES:DSD_STES@DF_FINMARK(4.0),JPN,M,IRLT,PA,_Z,_Z,_Z,_Z,N,2018-05,0.03,A,0,2,
OECD.SDD.STES:DSD_STES@DF_FINMARK(4.0),JPN,M,IRLT,PA,_Z,_Z,_Z,_Z,N,2018-06,0.03,A,0,2,
OECD.SDD.STES:DSD_STES@DF_FINMARK(4.0),JPN,M,IRLT,PA,_Z,_Z,_Z,_Z,N,2018-07,0.06,A,0,2,
OECD.SDD.STES:DSD_STES@DF_FINMARK(4.0),JPN,M,IRLT,PA,_Z,_Z,_Z,_Z,N,2018-08,0.11,A,0,2,
OECD.SDD.STES:DSD_STES@DF_FINMARK(4.0),JPN,M,IRLT,PA,_Z,_Z,_Z,_Z,N,2018-09,0.125,A,0,2,
OECD.SDD.STES:DSD_STES@DF_FINMARK(4.0),JPN,M,IRLT,PA,_Z,_Z,_Z,_Z,N,2018-10,0.13,A,0,2,
OECD.SDD.STES:DSD_STES@DF_FINMARK(4.0),JPN,M,IRLT,PA,_Z,_Z,_Z,_Z,N,2018-11,0.085,A,0,2,
OECD.SDD.STES:DSD_STES@DF_FINMARK(4.0),JPN,M,IRLT,PA,_Z,_Z,_Z,_Z,N,2018-12,-0.01,A,0,2,
OECD.SDD.STES:DSD_STES@DF_FINMARK(4.0),JPN,M,IRLT,PA,_Z,_Z,_Z,_Z,N,2019-01,0,A,0,2,
OECD.SDD.STES:DSD_STES@DF_FINMARK(4.0),JPN,M,IRLT,PA,_Z,_Z,_Z,_Z,N,2019-02,-0.015,A,0,2,
OECD.SDD.STES:DSD_STES@DF_FINMARK(4.0),JPN,M,IRLT,PA,_Z,_Z,_Z,_Z,N,2019-03,-0.095,A,0,2,
OECD.SDD.STES:DSD_STES@DF_FINMARK(4.0),JPN,M,IRLT,PA,_Z,_Z,_Z,_Z,N,2019-04,-0.045,A,0,2,
OECD.SDD.STES:DSD_STES@DF_FINMARK(4.0),JPN,M,IRLT,PA,_Z,_Z,_Z,_Z,N,2019-05,-0.095,A,0,2,
OECD.SDD.STES:DSD_STES@DF_FINMARK(4.0),JPN,M,IRLT,PA,_Z,_Z,_Z,_Z,N,2019-06,-0.165,A,0,2,
OECD.SDD.STES:DSD_STES@DF_FINMARK(4.0),JPN,M,IRLT,PA,_Z,_Z,_Z,_Z,N,2019-07,-0.16,A,0,2,
OECD.SDD.STES:DSD_STES@DF_FINMARK(4.0),JPN,M,IRLT,PA,_Z,_Z,_Z,_Z,N,2019-08,-0.28,A,0,2,
OECD.SDD.STES:DSD_STES@DF_FINMARK(4.0),JPN,M,IRLT,PA,_Z,_Z,_Z,_Z,N,2019-09,-0.215,A,0,2,
OECD.SDD.STES:DSD_STES@DF_FINMARK(4.0),JPN,M,IRLT,PA,_Z,_Z,_Z,_Z,N,2019-10,-0.15,A,0,2,
OECD.SDD.STES:DSD_STES@DF_FINMARK(4.0),JPN,M,IRLT,PA,_Z,_Z,_Z,_Z,N,2019-11,-0.08,A,0,2,
OECD.SDD.STES:DSD_STES@DF_FINMARK(4.0),JPN,M,IRLT,PA,_Z,_Z,_Z,_Z,N,2019-12,-0.025,A,0,2,
OECD.SDD.STES:DSD_STES@DF_FINMARK(4.0),JPN,M,IRLT,PA,_Z,_Z,_Z,_Z,N,2020-01,-0.065,A,0,2,
OECD.SDD.STES:DSD_STES@DF_FINMARK(4.0),JPN,M,IRLT,PA,_Z,_Z,_Z,_Z,N,2020-02,-0.155,A,0,2,
OECD.SDD.STES:DSD_STES@DF_FINMARK(4.0),JPN,M,IRLT,PA,_Z,_Z,_Z,_Z,N,2020-03,0.005,A,0,2,
OECD.SDD.STES:DSD_STES@DF_FINMARK(4.0),JPN,M,IRLT,PA,_Z,_Z,_Z,_Z,N,2020-04,-0.04,A,0,2,
OECD.SDD.STES:DSD_STES@DF_FINMARK(4.0),JPN,M,IRLT,PA,_Z,_Z,_Z,_Z,N,2020-05,0,A,0,2,
OECD.SDD.STES:DSD_STES@DF_FINMARK(4.0),JPN,M,IRLT,PA,_Z,_Z,_Z,_Z,N,2020-06,0.03,A,0,2,
OECD.SDD.STES:DSD_STES@DF_FINMARK(4.0),JPN,M,IRLT,PA,_Z,_Z,_Z,_Z,N,2020-07,0.01,A,0,2,
OECD.SDD.STES:DSD_STES@DF_FINMARK(4.0),JPN,M,IRLT,PA,_Z,_Z,_Z,_Z,N,2020-08,0.045,A,0,2,
OECD.SDD.STES:DSD_STES@DF_FINMARK(4.0),JPN,M,IRLT,PA,_Z,_Z,_Z,_Z,N,2020-09,0.015,A,0,2,
OECD.SDD.STES:DSD_STES@DF_FINMARK(4.0),JPN,M,IRLT,PA,_Z,_Z,_Z,_Z,N,2020-10,0.04,A,0,2,
OECD.SDD.STES:DSD_STES@DF_FINMARK(4.0),JPN,M,IRLT,PA,_Z,_Z,_Z,_Z,N,2020-11,0.03,A,0,2,
OECD.SDD.STES:DSD_STES@DF_FINMARK(4.0),JPN,M,IRLT,PA,_Z,_Z,_Z,_Z,N,2020-12,0.02,A,0,2,
OECD.SDD.STES:DSD_STES@DF_FINMARK(4.0),JPN,M,IRLT,PA,_Z,_Z,_Z,_Z,N,2021-01,0.055,A,0,2,
OECD.SDD.STES:DSD_STES@DF_FINMARK(4.0),JPN,M,IRLT,PA,_Z,_Z,_Z,_Z,N,2021-02,0.15,A,0,2,
OECD.SDD.STES:DSD_STES@DF_FINMARK(4.0),JPN,M,IRLT,PA,_Z,_Z,_Z,_Z,N,2021-03,0.12,A,0,2,
OECD.SDD.STES:DSD_STES@DF_FINMARK(4.0),JPN,M,IRLT,PA,_Z,_Z,_Z,_Z,N,2021-04,0.09,A,0,2,
OECD.SDD.STES:DSD_STES@DF_FINMARK(4.0),JPN,M,IRLT,PA,_Z,_Z,_Z,_Z,N,2021-05,0.08,A,0,2,
OECD.SDD.STES:DSD_STES@DF_FINMARK(4.0),JPN,M,IRLT,PA,_Z,_Z,_Z,_Z,N,2021-06,0.05,A,0,2,
OECD.SDD.STES:DSD_STES@DF_FINMARK(4.0),JPN,M,IRLT,PA,_Z,_Z,_Z,_Z,N,2021-07,0.015,A,0,2,
OECD.SDD.STES:DSD_STES@DF_FINMARK(4.0),JPN,M,IRLT,PA,_Z,_Z,_Z,_Z,N,2021-08,0.02,A,0,2,
OECD.SDD.STES:DSD_STES@DF_FINMARK(4.0),JPN,M,IRLT,PA,_Z,_Z,_Z,_Z,N,2021-09,0.065,A,0,2,
OECD.SDD.STES:DSD_STES@DF_FINMARK(4.0),JPN,M,IRLT,PA,_Z,_Z,_Z,_Z,N,2021-10,0.095,A,0,2,
OECD.SDD.STES:DSD_STES@DF_FINMARK(4.0),JPN,M,IRLT,PA,_Z,_Z,_Z,_Z,N,2021-11,0.05,A,0,2,
OECD.SDD.STES:DSD_STES@DF_FINMARK(4.0),JPN,M,IRLT,PA,_Z,_Z,_Z,_Z,N,2021-12,0.07,A,0,2,
OECD.SDD.STES:DSD_STES@DF_FINMARK(4.0),JPN,M,IRLT,PA,_Z,_Z,_Z,_Z,N,2022-01,0.17,A,0,2,
OECD.SDD.STES:DSD_STES@DF_FINMARK(4.0),JPN,M,IRLT,PA,_Z,_Z,_Z,_Z,N,2022-02,0.18,A,0,2,
OECD.SDD.STES:DSD_STES@DF_FINMARK(4.0),JPN,M,IRLT,PA,_Z,_Z,_Z,_Z,N,2022-03,0.21,A,0,2,
OECD.SDD.STES:DSD_STES@DF_FINMARK(4.0),JPN,M,IRLT,PA,_Z,_Z,_Z,_Z,N,2022-04,0.215,A,0,2,
OECD.SDD.STES:DSD_STES@DF_FINMARK(4.0),JPN,M,IRLT,PA,_Z,_Z,_Z,_Z,N,2022-05,0.235,A,0,2,
OECD.SDD.STES:DSD_STES@DF_FINMARK(4.0),JPN,M,IRLT,PA,_Z,_Z,_Z,_Z,N,2022-06,0.225,A,0,2,
OECD.SDD.STES:DSD_STES@DF_FINMARK(4.0),JPN,M,IRLT,PA,_Z,_Z,_Z,_Z,N,2022-07,0.18,A,0,2,
OECD.SDD.STES:DSD_STES@DF_FINMARK(4.0),JPN,M,IRLT,PA,_Z,_Z,_Z,_Z,N,2022-08,0.22,A,0,2,
OECD.SDD.STES:DSD_STES@DF_FINMARK(4.0),JPN,M,IRLT,PA,_Z,_Z,_Z,_Z,N,2022-09,0.24,A,0,2,
OECD.SDD.STES:DSD_STES@DF_FINMARK(4.0),JPN,M,IRLT,PA,_Z,_Z,_Z,_Z,N,2022-10,0.245,A,0,2,
OECD.SDD.STES:DSD_STES@DF_FINMARK(4.0),JPN,M,IRLT,PA,_Z,_Z,_Z,_Z,N,2022-11,0.25,A,0,2,
OECD.SDD.STES:DSD_STES@DF_FINMARK(4.0),JPN,M,IRLT,PA,_Z,_Z,_Z,_Z,N,2022-12,0.41,A,0,2,
OECD.SDD.STES:DSD_STES@DF_FINMARK(4.0),JPN,M,IRLT,PA,_Z,_Z,_Z,_Z,N,2023-01,0.49,A,0,2,
OECD.SDD.STES:DSD_STES@DF_FINMARK(4.0),JPN,M,IRLT,PA,_Z,_Z,_Z,_Z,N,2023-02,0.5,A,0,2,
OECD.SDD.STES:DSD_STES@DF_FINMARK(4.0),JPN,M,IRLT,PA,_Z,_Z,_Z,_Z,N,2023-03,0.32,A,0,2,
OECD.SDD.STES:DSD_STES@DF_FINMARK(4.0),JPN,M,IRLT,PA,_Z,_Z,_Z,_Z,N,2023-04,0.385,A,0,2,
OECD.SDD.STES:DSD_STES@DF_FINMARK(4.0),JPN,M,IRLT,PA,_Z,_Z,_Z,_Z,N,2023-05,0.43,A,0,2,
OECD.SDD.STES:DSD_STES@DF_FINMARK(4.0),JPN,M,IRLT,PA,_Z,_Z,_Z,_Z,N,2023-06,0.395,A,0,2,
OECD.SDD.STES:DSD_STES@DF_FINMARK(4.0),JPN,M,IRLT,PA,_Z,_Z,_Z,_Z,N,2023-07,0.595,A,0,2,
OECD.SDD.STES:DSD_STES@DF_FINMARK(4.0),JPN,M,IRLT,PA,_Z,_Z,_Z,_Z,N,2023-08,0.64,A,0,2,
OECD.SDD.STES:DSD_STES@DF_FINMARK(4.0),JPN,M,IRLT,PA,_Z,_Z,_Z,_Z,N,2023-09,0.765,A,0,2,
OECD.SDD.STES:DSD_STES@DF_FINMARK(4.0),JPN,M,IRLT,PA,_Z,_Z,_Z,_Z,N,2023-10,0.95,A,0,2,
OECD.SDD.STES:DSD_STES@DF_FINMARK(4.0),JPN,M,IRLT,PA,_Z,_Z,_Z,_Z,N,2023-11,0.66,A,0,2,
OECD.SDD.STES:DSD_STES@DF_FINMARK(4.0),JPN,M,IRLT,PA,_Z,_Z,_Z,_Z,N,2023-12,0.62,A,0,2,
OECD.SDD.STES:DSD_STES@DF_FINMARK(4.0),JPN,M,IRLT,PA,_Z,_Z,_Z,_Z,N,2024-01,0.73,A,0,2,
OECD.SDD.STES:DSD_STES@DF_FINMARK(4.0),JPN,M,IRLT,PA,_Z,_Z,_Z,_Z,N,2024-02,0.71,A,0,2,
OECD.SDD.STES:DSD_STES@DF_FINMARK(4.0),JPN,M,IRLT,PA,_Z,_Z,_Z,_Z,N,2024-03,0.725,A,0,2,
OECD.SDD.STES:DSD_STES@DF_FINMARK(4.0),JPN,M,IRLT,PA,_Z,_Z,_Z,_Z,N,2024-04,0.87,A,0,2,
OECD.SDD.STES:DSD_STES@DF_FINMARK(4.0),JPN,M,IRLT,PA,_Z,_Z,_Z,_Z,N,2024-05,1.07,A,0,2,
OECD.SDD.STES:DSD_STES@DF_FINMARK(4.0),JPN,M,IRLT,PA,_Z,_Z,_Z,_Z,N,2024-06,1.05,A,0,2,
OECD.SDD.STES:DSD_STES@DF_FINMARK(4.0),JPN,M,IRLT,PA,_Z,_Z,_Z,_Z,N,2024-07,1.045,A,0,2,
OECD.SDD.STES:DSD_STES@DF_FINMARK(4.0),JPN,M,IRLT,PA,_Z,_Z,_Z,_Z,N,2024-08,0.89,A,0,2,
OECD.SDD.STES:DSD_STES@DF_FINMARK(4.0),JPN,M,IRLT,PA,_Z,_Z,_Z,_Z,N,2024-09,0.855,A,0,2,
OECD.SDD.STES:DSD_STES@DF_FINMARK(4.0),JPN,M,IRLT,PA,_Z,_Z,_Z,_Z,N,2024-10,0.935,A,0,2,
OECD.SDD.STES:DSD_STES@DF_FINMARK(4.0),JPN,M,IRLT,PA,_Z,_Z,_Z,_Z,N,2024-11,1.05,A,0,2,
OECD.SDD.STES:DSD_STES@DF_FINMARK(4.0),JPN,M,IRLT,PA,_Z,_Z,_Z,_Z,N,2024-12,1.09,A,0,2,
OECD.SDD.STES:DSD_STES@DF_FINMARK(4.0),JPN,M,IRLT,PA,_Z,_Z,_Z,_Z,N,2025-01,1.245,A,0,2,
OECD.SDD.STES:DSD_STES@DF_FINMARK(4.0),JPN,M,IRLT,PA,_Z,_Z,_Z,_Z,N,2025-02,1.37,A,0,2,
OECD.SDD.STES:DSD_STES@DF_FINMARK(4.0),JPN,M,IRLT,PA,_Z,_Z,_Z,_Z,N,2025-03,1.485,A,0,2,
OECD.SDD.STES:DSD_STES@DF_FINMARK(4.0),JPN,M,IRLT,PA,_Z,_Z,_Z,_Z,N,2025-04,1.31,A,0,2,
OECD.SDD.STES:DSD_STES@DF_FINMARK(4.0),JPN,M,IRLT,PA,_Z,_Z,_Z,_Z,N,2025-05,1.5,A,0,2,
OECD.SDD.STES:DSD_STES@DF_FINMARK(4.0),JPN,M,IRLT,PA,_Z,_Z,_Z,_Z,N,2025-06,1.42,A,0,2,
OECD.SDD.STES:DSD_STES@DF_FINMARK(4.0),JPN,M,IRLT,PA,_Z,_Z,_Z,_Z,N,2025-07,1.545,A,0,2,
OECD.SDD.STES:DSD_STES@DF_FINMARK(4.0),JPN,M,IRLT,PA,_Z,_Z,_Z,_Z,N,2025-08,1.6,A,0,2,
OECD.SDD.STES:DSD_STES@DF_FINMARK(4.0),JPN,M,IRLT,PA,_Z,_Z,_Z,_Z,N,2025-09,1.645,A,0,2,
OECD.SDD.STES:DSD_STES@DF_FINMARK(4.0),JPN,M,IRLT,PA,_Z,_Z,_Z,_Z,N,2025-10,1.655,A,0,2,
OECD.SDD.STES:DSD_STES@DF_FINMARK(4.0),JPN,M,IRLT,PA,_Z,_Z,_Z,_Z,N,2025-11,1.805,A,0,2,
OECD.SDD.STES:DSD_STES@DF_FINMARK(4.0),JPN,M,IRLT,PA,_Z,_Z,_Z,_Z,N,2025-12,2.06,A,0,2,
OECD.SDD.STES:DSD_STES@DF_FINMARK(4.0),JPN,M,IRLT,PA,_Z,_Z,_Z,_Z,N,2026-01,2.24,A,0,2,
OECD.SDD.STES:DSD_STES@DF_FINMARK(4.0),JPN,M,IRLT,PA,_Z,_Z,_Z,_Z,N,2026-02,2.11,A,0,2,
OECD.SDD.STES:DSD_STES@DF_FINMARK(4.0),JPN,M,IRLT,PA,_Z,_Z,_Z,_Z,N,2026-03,2.345,A,0,2,
OECD.SDD.STES:DSD_STES@DF_FINMARK(4.0),JPN,M,IRLT,PA,_Z,_Z,_Z,_Z,N,2026-04,2.515,A,0,2,
OECD.SDD.STES:DSD_STES@DF_FINMARK(4.0),CAN,M,IRLT,PA,_Z,_Z,_Z,_Z,N,2026-04,3.483333,A,0,2,
OECD.SDD.STES:DSD_STES@DF_FINMARK(4.0),CAN,M,IRLT,PA,_Z,_Z,_Z,_Z,N,2026-03,3.440909,A,0,2,
